17:01:22.26,0.795
17:01:22.36,0.551
17:01:22.47,0.289
17:01:22.57,0.229
17:01:22.66,0.119
17:01:22.76,0.000
17:01:22.86,0.000
17:01:22.96,0.000
17:01:23.07,0.000
17:01:23.16,0.000
17:01:23.26,0.000
17:01:23.37,0.000
17:01:23.47,0.076
17:01:23.57,0.107
17:01:23.67,0.241
17:01:23.77,0.425
17:01:23.87,0.605
17:01:23.96,0.725
17:01:24.06,0.770
17:01:24.17,0.785
17:01:24.27,0.611
17:01:24.37,0.300
17:01:24.47,0.233
17:01:24.56,0.193
17:01:24.67,0.000
17:01:24.77,0.000
17:01:24.86,0.000
17:01:24.97,0.000
17:01:25.06,0.000
17:01:25.17,0.000
17:01:25.27,0.000
17:01:25.37,0.069
17:01:25.47,0.105
17:01:25.57,0.220
17:01:25.67,0.399
17:01:25.77,0.587
17:01:25.86,0.710
17:01:25.97,0.772
17:01:26.07,0.780
17:01:26.17,0.673
17:01:26.27,0.318
17:01:26.37,0.239
17:01:26.47,0.212
17:01:26.56,0.002
17:01:26.67,0.000
17:01:26.77,0.000
17:01:26.86,0.000
17:01:26.96,0.000
17:01:27.07,0.000
17:01:27.16,0.000
17:01:27.26,0.052
17:01:27.37,0.101
17:01:27.46,0.113
17:01:27.57,0.120
17:01:27.67,0.252
17:01:27.77,0.453
17:01:27.86,0.631
17:01:27.96,0.737
17:01:28.06,0.771
17:01:28.17,0.786
17:01:28.26,0.587
17:01:28.37,0.294
17:01:28.46,0.232
17:01:28.57,0.161
17:01:28.66,0.000
17:01:28.76,0.000
17:01:28.86,0.000
17:01:28.97,0.000
17:01:29.07,0.000
17:01:29.17,0.000
17:01:29.26,0.000
17:01:29.37,0.057
17:01:29.47,0.103
17:01:29.57,0.228
17:01:29.67,0.407
17:01:29.77,0.591
17:01:29.87,0.713
17:01:29.97,0.769
17:01:30.07,0.785
17:01:30.17,0.690
17:01:30.27,0.318
17:01:30.37,0.239
17:01:30.47,0.212
17:01:30.57,0.000
17:01:30.66,0.000
17:01:30.76,0.000
17:01:30.87,0.000
17:01:30.97,0.000
17:01:31.06,0.000
17:01:31.17,0.000
17:01:31.27,0.043
17:01:31.36,0.099
17:01:31.45,0.214
17:01:31.57,0.365
17:01:31.67,0.567
17:01:31.77,0.698
17:01:31.87,0.762
17:01:31.97,0.791
17:01:32.06,0.775
17:01:32.17,0.344
17:01:32.25,0.246
17:01:32.36,0.215
17:01:32.47,0.058
17:01:32.56,0.000
17:01:32.66,0.000
17:01:32.76,0.000
17:01:32.86,0.000
17:01:32.97,0.000
17:01:33.07,0.000
17:01:33.16,0.023
17:01:33.25,0.094
17:01:33.36,0.188
17:01:33.47,0.337
17:01:33.57,0.538
17:01:33.67,0.677
17:01:33.77,0.751
17:01:33.87,0.791
17:01:33.95,0.795
17:01:34.06,0.382
17:01:34.16,0.256
17:01:34.27,0.219
17:01:34.36,0.073
17:01:34.46,0.000
17:01:34.55,0.000
17:01:34.66,0.000
17:01:34.75,0.000
17:01:34.86,0.000
17:01:34.97,0.000
17:01:35.05,0.000
17:01:35.16,0.105
17:01:35.25,0.166
17:01:35.36,0.314
17:01:35.46,0.521
17:01:35.57,0.668
17:01:35.65,0.745
17:01:35.77,0.769
17:01:35.87,0.782
17:01:35.97,0.408
17:01:36.06,0.262
17:01:36.15,0.221
17:01:36.27,0.088
17:01:36.35,0.000
17:01:36.46,0.000
17:01:36.57,0.000
17:01:36.65,0.000
17:01:36.77,0.000
17:01:36.87,0.000
17:01:36.97,0.000
17:01:37.07,0.087
17:01:37.17,0.110
17:01:37.27,0.117
17:01:37.37,0.206
17:01:37.47,0.364
17:01:37.57,0.569
17:01:37.67,0.697
17:01:37.77,0.765
17:01:37.87,0.787
17:01:37.95,0.768
17:01:38.07,0.356
17:01:38.17,0.250
17:01:38.27,0.217
17:01:38.35,0.063
17:01:38.46,0.000
17:01:38.55,0.000
17:01:38.67,0.000
17:01:38.77,0.000
17:01:38.87,0.000
17:01:38.97,0.000
17:01:39.07,0.036
17:01:39.17,0.097
17:01:39.25,0.181
17:01:39.37,0.331
17:01:39.47,0.528
17:01:39.57,0.676
17:01:39.67,0.752
17:01:39.75,0.787
17:01:39.86,0.788
17:01:39.97,0.388
17:01:40.07,0.258
17:01:40.17,0.220
17:01:40.27,0.089
17:01:40.35,0.000
17:01:40.46,0.000
17:01:40.57,0.000
17:01:40.65,0.000
17:01:40.75,0.000
17:01:40.87,0.000
17:01:40.97,0.000
17:01:41.05,0.088
17:01:41.17,0.146
17:01:41.26,0.300
17:01:41.37,0.507
17:01:41.47,0.662
17:01:41.57,0.740
17:01:41.65,0.774
17:01:41.77,0.791
17:01:41.87,0.443
17:01:41.97,0.269
17:01:42.05,0.224
17:01:42.17,0.100
17:01:42.27,0.000
17:01:42.37,0.000
17:01:42.47,0.000
17:01:42.57,0.000
17:01:42.67,0.000
17:01:42.77,0.000
17:01:42.87,0.000
17:01:42.96,0.091
17:01:43.05,0.111
17:01:43.16,0.118
17:01:43.27,0.198
17:01:43.36,0.349
17:01:43.47,0.552
17:01:43.56,0.684
17:01:43.67,0.753
17:01:43.77,0.792
17:01:43.87,0.794
17:01:43.97,0.372
17:01:44.07,0.254
17:01:44.16,0.219
17:01:44.26,0.080
17:01:44.36,0.000
17:01:44.47,0.000
17:01:44.57,0.000
17:01:44.67,0.000
17:01:44.77,0.000
17:01:44.87,0.000
17:01:44.97,0.000
17:01:45.07,0.087
17:01:45.16,0.153
17:01:45.27,0.306
17:01:45.37,0.510
17:01:45.47,0.666
17:01:45.57,0.748
17:01:45.67,0.776
17:01:45.76,0.806
17:01:45.87,0.438
17:01:45.97,0.262
17:01:46.06,0.222
17:01:46.17,0.205
17:01:46.26,0.197
17:01:46.36,0.000
17:01:46.47,0.000
17:01:46.57,0.000
17:01:46.67,0.000
17:01:46.76,0.000
17:01:46.86,0.000
17:01:46.97,0.000
17:01:47.07,0.050
17:01:47.17,0.100
17:01:47.26,0.201
17:01:47.36,0.356
17:01:47.47,0.558
17:01:47.56,0.686
17:01:47.67,0.763
17:01:47.77,0.791
17:01:47.87,0.763
17:01:47.96,0.356
17:01:48.07,0.250
17:01:48.16,0.217
17:01:48.27,0.062
17:01:48.36,0.000
17:01:48.46,0.000
17:01:48.56,0.000
17:01:48.67,0.000
17:01:48.77,0.000
17:01:48.87,0.000
17:01:48.97,0.025
17:01:49.06,0.097
17:01:49.17,0.112
17:01:49.27,0.119
17:01:49.36,0.228
17:01:49.46,0.411
17:01:49.57,0.592
17:01:49.67,0.718
17:01:49.77,0.776
17:01:49.87,0.778
17:01:49.96,0.664
17:01:50.07,0.315
17:01:50.17,0.239
17:01:50.27,0.213
17:01:50.36,0.000
17:01:50.46,0.000
17:01:50.56,0.000
17:01:50.66,0.000
17:01:50.76,0.000
17:01:50.87,0.000
17:01:50.96,0.000
17:01:51.07,0.039
17:01:51.17,0.098
17:01:51.26,0.212
17:01:51.37,0.360
17:01:51.47,0.556
17:01:51.56,0.689
17:01:51.66,0.765
17:01:51.77,0.797
17:01:51.86,0.780
17:01:51.97,0.355
17:01:52.06,0.250
17:01:52.16,0.217
17:01:52.27,0.060
17:01:52.37,0.000
17:01:52.47,0.000
17:01:52.57,0.000
17:01:52.66,0.000
17:01:52.76,0.000
17:01:52.87,0.000
17:01:52.97,0.017
17:01:53.07,0.093
17:01:53.17,0.184
17:01:53.27,0.325
17:01:53.37,0.532
17:01:53.47,0.674
17:01:53.57,0.744
17:01:53.66,0.777
17:01:53.76,0.807
17:01:53.87,0.392
17:01:53.96,0.259
17:01:54.07,0.221
17:01:54.17,0.083
17:01:54.27,0.000
17:01:54.36,0.000
17:01:54.46,0.000
17:01:54.57,0.000
17:01:54.67,0.000
17:01:54.76,0.000
17:01:54.86,0.000
17:01:54.96,0.087
17:01:55.07,0.151
17:01:55.17,0.300
17:01:55.27,0.504
17:01:55.36,0.664
17:01:55.47,0.746
17:01:55.56,0.777
17:01:55.66,0.801
17:01:55.76,0.442
17:01:55.86,0.261
17:01:55.96,0.222
17:01:56.07,0.205
17:01:56.17,0.197
17:01:56.27,0.008
17:01:56.37,0.000
17:01:56.47,0.000
17:01:56.57,0.000
17:01:56.67,0.000
17:01:56.77,0.000
17:01:56.87,0.000
17:01:56.96,0.048
17:01:57.07,0.100
17:01:57.17,0.201
17:01:57.27,0.346
17:01:57.37,0.550
17:01:57.46,0.689
17:01:57.57,0.761
17:01:57.67,0.790
17:01:57.77,0.775
17:01:57.86,0.357
17:01:57.97,0.250
17:01:58.06,0.217
17:01:58.17,0.073
17:01:58.27,0.000
17:01:58.36,0.000
17:01:58.47,0.000
17:01:58.57,0.000
17:01:58.67,0.000
17:01:58.76,0.000
17:01:58.86,0.028
17:01:58.97,0.096
17:01:59.06,0.112
17:01:59.17,0.119
17:01:59.26,0.225
17:01:59.37,0.408
17:01:59.46,0.600
17:01:59.56,0.721
17:01:59.67,0.775
17:01:59.76,0.783
17:01:59.87,0.674
17:01:59.96,0.319
17:02:00.06,0.240
17:02:00.16,0.213
17:02:00.27,0.012
17:02:00.37,0.000
17:02:00.46,0.000
17:02:00.56,0.000
17:02:00.66,0.000
17:02:00.77,0.000
17:02:00.86,0.000
17:02:00.96,0.035
17:02:01.07,0.105
17:02:01.16,0.115
17:02:01.26,0.120
17:02:01.36,0.254
17:02:01.47,0.457
17:02:01.57,0.634
17:02:01.67,0.736
17:02:01.77,0.783
17:02:01.86,0.786
17:02:01.96,0.569
17:02:02.06,0.291
17:02:02.16,0.232
17:02:02.27,0.145
17:02:02.36,0.000
17:02:02.46,0.000
17:02:02.57,0.000
17:02:02.67,0.000
17:02:02.76,0.000
17:02:02.87,0.000
17:02:02.97,0.000
17:02:03.07,0.072
17:02:03.17,0.106
17:02:03.26,0.228
17:02:03.37,0.411
17:02:03.47,0.600
17:02:03.56,0.716
17:02:03.67,0.772
17:02:03.77,0.776
17:02:03.87,0.644
17:02:03.97,0.309
17:02:04.06,0.237
17:02:04.17,0.212
17:02:04.27,0.000
17:02:04.37,0.000
17:02:04.47,0.000
17:02:04.56,0.000
17:02:04.67,0.000
17:02:04.77,0.000
17:02:04.87,0.000
17:02:04.97,0.065
17:02:05.07,0.103
17:02:05.17,0.115
17:02:05.26,0.120
17:02:05.36,0.269
17:02:05.47,0.471
17:02:05.57,0.644
17:02:05.67,0.741
17:02:05.76,0.776
17:02:05.87,0.788
17:02:05.97,0.521
17:02:06.07,0.284
17:02:06.17,0.230
17:02:06.27,0.127
17:02:06.37,0.000
17:02:06.47,0.000
17:02:06.57,0.000
17:02:06.67,0.000
17:02:06.77,0.000
17:02:06.87,0.000
17:02:06.96,0.000
17:02:07.06,0.064
17:02:07.17,0.116
17:02:07.27,0.234
17:02:07.37,0.430
17:02:07.46,0.612
17:02:07.57,0.726
17:02:07.67,0.773
17:02:07.77,0.790
17:02:07.86,0.602
17:02:07.96,0.301
17:02:08.07,0.235
17:02:08.17,0.169
17:02:08.26,0.000
17:02:08.37,0.000
17:02:08.46,0.000
17:02:08.56,0.000
17:02:08.67,0.000
17:02:08.76,0.000
17:02:08.86,0.000
17:02:08.96,0.050
17:02:09.05,0.101
17:02:09.16,0.221
17:02:09.26,0.385
17:02:09.37,0.583
17:02:09.45,0.712
17:02:09.56,0.775
17:02:09.67,0.789
17:02:09.76,0.731
17:02:09.85,0.331
17:02:09.97,0.244
17:02:10.07,0.215
17:02:10.17,0.029
17:02:10.27,0.000
17:02:10.36,0.000
17:02:10.47,0.000
17:02:10.56,0.000
17:02:10.66,0.000
17:02:10.76,0.000
17:02:10.87,0.033
17:02:10.97,0.097
17:02:11.05,0.197
17:02:11.16,0.354
17:02:11.25,0.556
17:02:11.37,0.689
17:02:11.47,0.765
17:02:11.57,0.802
17:02:11.66,0.790
17:02:11.76,0.362
17:02:11.87,0.252
17:02:11.97,0.218
17:02:12.07,0.068
17:02:12.17,0.000
17:02:12.26,0.000
17:02:12.37,0.000
17:02:12.45,0.000
17:02:12.57,0.000
17:02:12.66,0.000
17:02:12.75,0.011
17:02:12.85,0.093
17:02:12.97,0.111
17:02:13.07,0.118
17:02:13.17,0.232
17:02:13.26,0.415
17:02:13.35,0.598
17:02:13.45,0.723
17:02:13.57,0.779
17:02:13.67,0.777
17:02:13.75,0.676
17:02:13.86,0.317
17:02:13.97,0.240
17:02:14.07,0.214
17:02:14.17,0.000
17:02:14.26,0.000
17:02:14.36,0.000
17:02:14.47,0.000
17:02:14.55,0.000
17:02:14.67,0.000
17:02:14.77,0.000
17:02:14.85,0.061
17:02:14.95,0.102
17:02:15.07,0.114
17:02:15.16,0.120
17:02:15.27,0.261
17:02:15.35,0.470
17:02:15.47,0.643
17:02:15.57,0.744
17:02:15.67,0.782
17:02:15.76,0.781
17:02:15.85,0.535
17:02:15.95,0.285
17:02:16.07,0.231
17:02:16.17,0.144
17:02:16.26,0.000
17:02:16.37,0.000
17:02:16.46,0.000
17:02:16.57,0.000
17:02:16.67,0.000
17:02:16.76,0.000
17:02:16.86,0.000
17:02:16.95,0.075
17:02:17.07,0.107
17:02:17.17,0.227
17:02:17.27,0.423
17:02:17.36,0.606
17:02:17.46,0.724
17:02:17.57,0.782
17:02:17.67,0.779
17:02:17.76,0.613
17:02:17.86,0.303
17:02:17.96,0.236
17:02:18.06,0.139
17:02:18.16,0.000
17:02:18.25,0.000
17:02:18.36,0.000
17:02:18.45,0.000
17:02:18.56,0.000
17:02:18.65,0.000
17:02:18.77,0.000
17:02:18.87,0.049
17:02:18.95,0.117
17:02:19.06,0.218
17:02:19.15,0.391
17:02:19.27,0.588
17:02:19.37,0.713
17:02:19.45,0.772
17:02:19.57,0.784
17:02:19.67,0.694
17:02:19.76,0.327
17:02:19.86,0.243
17:02:19.97,0.216
17:02:20.06,0.043
17:02:20.17,0.000
17:02:20.26,0.000
17:02:20.36,0.000
17:02:20.47,0.000
17:02:20.56,0.000
17:02:20.66,0.000
17:02:20.76,0.030
17:02:20.86,0.096
17:02:20.97,0.198
17:02:21.06,0.361
17:02:21.16,0.555
17:02:21.26,0.686
17:02:21.36,0.765
17:02:21.46,0.799
17:02:21.56,0.781
17:02:21.66,0.355
17:02:21.77,0.250
17:02:21.87,0.217
17:02:21.97,0.072
17:02:22.07,0.000
17:02:22.17,0.000
17:02:22.26,0.000
17:02:22.36,0.000
17:02:22.46,0.000
17:02:22.57,0.000
17:02:22.67,0.035
17:02:22.76,0.097
17:02:22.87,0.113
17:02:22.97,0.119
17:02:23.07,0.227
17:02:23.16,0.409
17:02:23.27,0.601
17:02:23.36,0.723
17:02:23.46,0.770
17:02:23.56,0.782
17:02:23.66,0.657
17:02:23.76,0.314
17:02:23.86,0.239
17:02:23.97,0.214
17:02:24.07,0.004
17:02:24.16,0.000
17:02:24.26,0.000
17:02:24.36,0.000
17:02:24.46,0.000
17:02:24.57,0.000
17:02:24.66,0.000
17:02:24.76,0.056
17:02:24.87,0.102
17:02:24.96,0.201
17:02:25.06,0.367
17:02:25.17,0.568
17:02:25.26,0.692
17:02:25.36,0.768
17:02:25.46,0.795
17:02:25.57,0.737
17:02:25.67,0.340
17:02:25.76,0.246
17:02:25.87,0.217
17:02:25.97,0.060
17:02:26.06,0.000
17:02:26.16,0.000
17:02:26.26,0.000
17:02:26.36,0.000
17:02:26.46,0.000
17:02:26.56,0.000
17:02:26.66,0.019
17:02:26.77,0.101
17:02:26.86,0.114
17:02:26.97,0.119
17:02:27.07,0.231
17:02:27.16,0.427
17:02:27.26,0.611
17:02:27.36,0.719
17:02:27.47,0.777
17:02:27.56,0.789
17:02:27.66,0.632
17:02:27.76,0.307
17:02:27.86,0.237
17:02:27.97,0.195
17:02:28.06,0.000
17:02:28.16,0.000
17:02:28.26,0.000
17:02:28.36,0.000
17:02:28.46,0.000
17:02:28.56,0.000
17:02:28.66,0.000
17:02:28.76,0.047
17:02:28.86,0.100
17:02:28.97,0.214
17:02:29.06,0.375
17:02:29.17,0.572
17:02:29.26,0.699
17:02:29.37,0.773
17:02:29.46,0.797
17:02:29.56,0.751
17:02:29.66,0.340
17:02:29.76,0.247
17:02:29.86,0.218
17:02:29.97,0.041
17:02:30.07,0.000
17:02:30.17,0.000
17:02:30.26,0.000
17:02:30.37,0.000
17:02:30.46,0.000
17:02:30.56,0.000
17:02:30.66,0.052
17:02:30.76,0.101
17:02:30.86,0.114
17:02:30.97,0.120
17:02:31.06,0.239
17:02:31.17,0.445
17:02:31.26,0.628
17:02:31.36,0.733
17:02:31.47,0.779
17:02:31.56,0.785
17:02:31.67,0.588
17:02:31.77,0.297
17:02:31.86,0.234
17:02:31.97,0.157
17:02:32.07,0.000
17:02:32.16,0.000
17:02:32.26,0.000
17:02:32.36,0.000
17:02:32.46,0.000
17:02:32.57,0.000
17:02:32.66,0.000
17:02:32.76,0.054
17:02:32.86,0.102
17:02:32.96,0.217
17:02:33.07,0.394
17:02:33.17,0.592
17:02:33.26,0.709
17:02:33.37,0.770
17:02:33.47,0.787
17:02:33.57,0.704
17:02:33.67,0.327
17:02:33.76,0.244
17:02:33.86,0.217
17:02:33.96,0.026
17:02:34.06,0.000
17:02:34.16,0.000
17:02:34.27,0.000
17:02:34.37,0.000
17:02:34.46,0.000
17:02:34.56,0.000
17:02:34.66,0.055
17:02:34.76,0.102
17:02:34.86,0.114
17:02:34.96,0.120
17:02:35.07,0.256
17:02:35.17,0.457
17:02:35.26,0.633
17:02:35.36,0.739
17:02:35.46,0.786
17:02:35.57,0.784
17:02:35.66,0.560
17:02:35.76,0.291
17:02:35.86,0.233
17:02:35.96,0.142
17:02:36.06,0.000
17:02:36.16,0.000
17:02:36.26,0.000
17:02:36.36,0.000
17:02:36.47,0.000
17:02:36.56,0.000
17:02:36.66,0.000
17:02:36.76,0.067
17:02:36.87,0.105
17:02:36.96,0.230
17:02:37.06,0.415
17:02:37.16,0.600
17:02:37.26,0.723
17:02:37.36,0.779
17:02:37.47,0.781
17:02:37.57,0.637
17:02:37.67,0.310
17:02:37.77,0.239
17:02:37.86,0.212
17:02:37.97,0.000
17:02:38.07,0.000
17:02:38.16,0.000
17:02:38.26,0.000
17:02:38.36,0.000
17:02:38.46,0.000
17:02:38.57,0.000
17:02:38.67,0.044
17:02:38.77,0.112
17:02:38.87,0.209
17:02:38.97,0.386
17:02:39.07,0.581
17:02:39.17,0.704
17:02:39.27,0.769
17:02:39.37,0.793
17:02:39.47,0.712
17:02:39.57,0.331
17:02:39.66,0.245
17:02:39.77,0.217
17:02:39.87,0.061
17:02:39.97,0.000
17:02:40.07,0.000
17:02:40.17,0.000
17:02:40.26,0.000
17:02:40.36,0.000
17:02:40.46,0.000
17:02:40.56,0.048
17:02:40.67,0.100
17:02:40.77,0.202
17:02:40.87,0.349
17:02:40.96,0.551
17:02:41.07,0.690
17:02:41.17,0.761
17:02:41.26,0.788
17:02:41.36,0.777
17:02:41.47,0.357
17:02:41.57,0.251
17:02:41.66,0.219
17:02:41.77,0.080
17:02:41.87,0.000
17:02:41.97,0.000
17:02:42.06,0.000
17:02:42.17,0.000
17:02:42.27,0.000
17:02:42.36,0.000
17:02:42.46,0.001
17:02:42.56,0.102
17:02:42.66,0.113
17:02:42.75,0.119
17:02:42.87,0.225
17:02:42.95,0.404
17:02:43.07,0.596
17:02:43.17,0.720
17:02:43.26,0.777
17:02:43.36,0.790
17:02:43.46,0.676
17:02:43.56,0.321
17:02:43.67,0.242
17:02:43.75,0.216
17:02:43.87,0.023
17:02:43.97,0.000
17:02:44.07,0.000
17:02:44.17,0.000
17:02:44.27,0.000
17:02:44.37,0.000
17:02:44.46,0.000
17:02:44.56,0.047
17:02:44.67,0.100
17:02:44.75,0.114
17:02:44.85,0.120
17:02:44.97,0.252
17:02:45.07,0.447
17:02:45.17,0.636
17:02:45.27,0.744
17:02:45.37,0.777
17:02:45.46,0.790
17:02:45.56,0.569
17:02:45.65,0.295
17:02:45.76,0.234
17:02:45.85,0.167
17:02:45.95,0.000
17:02:46.05,0.000
17:02:46.17,0.000
17:02:46.27,0.000
17:02:46.37,0.000
17:02:46.47,0.000
17:02:46.55,0.000
17:02:46.65,0.071
17:02:46.76,0.106
17:02:46.87,0.227
17:02:46.96,0.413
17:02:47.07,0.595
17:02:47.15,0.720
17:02:47.27,0.779
17:02:47.35,0.783
17:02:47.47,0.634
17:02:47.57,0.310
17:02:47.65,0.239
17:02:47.75,0.215
17:02:47.86,0.000
17:02:47.97,0.000
17:02:48.07,0.000
17:02:48.17,0.000
17:02:48.26,0.000
17:02:48.36,0.000
17:02:48.45,0.000
17:02:48.55,0.062
17:02:48.67,0.103
17:02:48.75,0.115
17:02:48.85,0.120
17:02:48.95,0.265
17:02:49.07,0.470
17:02:49.15,0.641
17:02:49.27,0.744
17:02:49.37,0.789
17:02:49.47,0.786
17:02:49.56,0.534
17:02:49.67,0.286
17:02:49.75,0.232
17:02:49.85,0.147
17:02:49.97,0.000
17:02:50.05,0.000
17:02:50.16,0.000
17:02:50.27,0.000
17:02:50.35,0.000
17:02:50.45,0.000
17:02:50.56,0.000
17:02:50.65,0.076
17:02:50.77,0.107
17:02:50.86,0.117
17:02:50.95,0.152
17:02:51.05,0.311
17:02:51.17,0.521
17:02:51.26,0.673
17:02:51.36,0.754
17:02:51.46,0.782
17:02:51.56,0.798
17:02:51.67,0.421
17:02:51.76,0.266
17:02:51.86,0.225
17:02:51.96,0.096
17:02:52.06,0.000
17:02:52.17,0.000
17:02:52.26,0.000
17:02:52.37,0.000
17:02:52.46,0.000
17:02:52.57,0.000
17:02:52.66,0.000
17:02:52.77,0.086
17:02:52.86,0.113
17:02:52.96,0.265
17:02:53.06,0.476
17:02:53.16,0.656
17:02:53.27,0.739
17:02:53.37,0.777
17:02:53.47,0.791
17:02:53.56,0.488
17:02:53.67,0.279
17:02:53.77,0.229
17:02:53.86,0.120
17:02:53.96,0.000
17:02:54.06,0.000
17:02:54.17,0.000
17:02:54.26,0.000
17:02:54.36,0.000
17:02:54.46,0.000
17:02:54.57,0.000
17:02:54.66,0.079
17:02:54.76,0.109
17:02:54.87,0.240
17:02:54.96,0.431
17:02:55.06,0.625
17:02:55.16,0.738
17:02:55.26,0.772
17:02:55.36,0.788
17:02:55.47,0.569
17:02:55.57,0.294
17:02:55.66,0.234
17:02:55.77,0.154
17:02:55.86,0.000
17:02:55.97,0.000
17:02:56.06,0.000
17:02:56.16,0.000
17:02:56.26,0.000
17:02:56.36,0.000
17:02:56.46,0.000
17:02:56.56,0.071
17:02:56.66,0.106
17:02:56.77,0.116
17:02:56.86,0.135
17:02:56.96,0.288
17:02:57.07,0.503
17:02:57.17,0.670
17:02:57.26,0.748
17:02:57.36,0.777
17:02:57.46,0.788
17:02:57.56,0.462
17:02:57.67,0.274
17:02:57.77,0.228
17:02:57.86,0.097
17:02:57.97,0.000
17:02:58.07,0.000
17:02:58.16,0.000
17:02:58.26,0.000
17:02:58.36,0.000
17:02:58.46,0.000
17:02:58.56,0.000
17:02:58.66,0.073
17:02:58.77,0.107
17:02:58.86,0.244
17:02:58.97,0.442
17:02:59.06,0.625
17:02:59.17,0.732
17:02:59.26,0.774
17:02:59.36,0.793
17:02:59.46,0.590
17:02:59.56,0.295
17:02:59.66,0.235
17:02:59.76,0.147
17:02:59.86,0.000
17:02:59.96,0.000
17:03:00.06,0.000
17:03:00.16,0.000
17:03:00.26,0.000
17:03:00.36,0.000
17:03:00.46,0.000
17:03:00.56,0.070
17:03:00.67,0.106
17:03:00.76,0.233
17:03:00.86,0.415
17:03:00.96,0.610
17:03:01.06,0.724
17:03:01.17,0.773
17:03:01.26,0.788
17:03:01.36,0.614
17:03:01.46,0.306
17:03:01.56,0.238
17:03:01.66,0.153
17:03:01.76,0.000
17:03:01.86,0.000
17:03:01.96,0.000
17:03:02.06,0.000
17:03:02.16,0.000
17:03:02.26,0.000
17:03:02.36,0.000
17:03:02.46,0.064
17:03:02.56,0.104
17:03:02.66,0.214
17:03:02.76,0.385
17:03:02.86,0.584
17:03:02.96,0.709
17:03:03.06,0.777
17:03:03.16,0.786
17:03:03.26,0.686
17:03:03.36,0.327
17:03:03.46,0.244
17:03:03.56,0.217
17:03:03.66,0.044
17:03:03.76,0.000
17:03:03.86,0.000
17:03:03.96,0.000
17:03:04.06,0.000
17:03:04.16,0.000
17:03:04.27,0.000
17:03:04.36,0.049
17:03:04.46,0.101
17:03:04.56,0.205
17:03:04.66,0.345
17:03:04.76,0.558
17:03:04.86,0.693
17:03:04.96,0.766
17:03:05.06,0.789
17:03:05.16,0.766
17:03:05.26,0.356
17:03:05.36,0.251
17:03:05.46,0.220
17:03:05.56,0.071
17:03:05.66,0.000
17:03:05.76,0.000
17:03:05.86,0.000
17:03:05.96,0.000
17:03:06.06,0.000
17:03:06.16,0.000
17:03:06.26,0.006
17:03:06.36,0.091
17:03:06.46,0.163
17:03:06.56,0.317
17:03:06.66,0.524
17:03:06.76,0.667
17:03:06.86,0.746
17:03:06.96,0.785
17:03:07.06,0.791
17:03:07.16,0.413
17:03:07.26,0.265
17:03:07.36,0.225
17:03:07.46,0.082
17:03:07.56,0.000
17:03:07.66,0.000
17:03:07.76,0.000
17:03:07.86,0.000
17:03:07.96,0.000
17:03:08.06,0.000
17:03:08.16,0.000
17:03:08.26,0.093
17:03:08.36,0.112
17:03:08.46,0.119
17:03:08.56,0.212
17:03:08.66,0.378
17:03:08.76,0.578
17:03:08.86,0.706
17:03:08.96,0.776
17:03:09.07,0.800
17:03:09.16,0.734
17:03:09.26,0.343
17:03:09.36,0.248
17:03:09.46,0.219
17:03:09.56,0.057
17:03:09.66,0.000
17:03:09.76,0.000
17:03:09.86,0.000
17:03:09.96,0.000
17:03:10.06,0.000
17:03:10.16,0.000
17:03:10.26,0.044
17:03:10.37,0.099
17:03:10.46,0.185
17:03:10.56,0.335
17:03:10.66,0.542
17:03:10.76,0.683
17:03:10.86,0.755
17:03:10.96,0.793
17:03:11.06,0.795
17:03:11.17,0.372
17:03:11.27,0.256
17:03:11.36,0.222
17:03:11.47,0.085
17:03:11.57,0.000
17:03:11.67,0.000
17:03:11.76,0.000
17:03:11.86,0.000
17:03:11.96,0.000
17:03:12.06,0.000
17:03:12.16,0.013
17:03:12.26,0.095
17:03:12.37,0.112
17:03:12.46,0.119
17:03:12.56,0.213
17:03:12.67,0.389
17:03:12.77,0.593
17:03:12.86,0.716
17:03:12.96,0.772
17:03:13.06,0.792
17:03:13.16,0.692
17:03:13.27,0.328
17:03:13.36,0.244
17:03:13.46,0.218
17:03:13.57,0.054
17:03:13.66,0.000
17:03:13.76,0.000
17:03:13.86,0.000
17:03:13.96,0.000
17:03:14.06,0.000
17:03:14.16,0.000
17:03:14.26,0.050
17:03:14.36,0.101
17:03:14.46,0.191
17:03:14.57,0.352
17:03:14.66,0.551
17:03:14.76,0.688
17:03:14.87,0.765
17:03:14.97,0.796
17:03:15.06,0.777
17:03:15.17,0.359
17:03:15.26,0.252
17:03:15.36,0.221
17:03:15.46,0.082
17:03:15.56,0.000
17:03:15.67,0.000
17:03:15.77,0.000
17:03:15.86,0.000
17:03:15.97,0.000
17:03:16.05,0.000
17:03:16.16,0.014
17:03:16.26,0.093
17:03:16.35,0.170
17:03:16.46,0.319
17:03:16.56,0.525
17:03:16.66,0.675
17:03:16.76,0.757
17:03:16.87,0.787
17:03:16.97,0.793
17:03:17.06,0.403
17:03:17.17,0.263
17:03:17.27,0.225
17:03:17.36,0.094
17:03:17.46,0.000
17:03:17.56,0.000
17:03:17.67,0.000
17:03:17.77,0.000
17:03:17.87,0.000
17:03:17.97,0.000
17:03:18.06,0.000
17:03:18.15,0.084
17:03:18.27,0.109
17:03:18.35,0.274
17:03:18.46,0.487
17:03:18.56,0.663
17:03:18.66,0.750
17:03:18.76,0.779
17:03:18.86,0.788
17:03:18.96,0.480
17:03:19.06,0.278
17:03:19.16,0.230
17:03:19.27,0.112
17:03:19.36,0.000
17:03:19.46,0.000
17:03:19.56,0.000
17:03:19.66,0.000
17:03:19.77,0.000
17:03:19.87,0.000
17:03:19.96,0.000
17:03:20.06,0.085
17:03:20.16,0.109
17:03:20.26,0.118
17:03:20.37,0.184
17:03:20.47,0.342
17:03:20.56,0.548
17:03:20.66,0.688
17:03:20.76,0.761
17:03:20.86,0.792
17:03:20.95,0.803
17:03:21.07,0.378
17:03:21.16,0.257
17:03:21.25,0.223
17:03:21.35,0.077
17:03:21.46,0.000
17:03:21.56,0.000
17:03:21.65,0.000
17:03:21.75,0.000
17:03:21.85,0.000
17:03:21.96,0.000
17:03:22.05,0.019
17:03:22.16,0.094
17:03:22.27,0.147
17:03:22.36,0.297
17:03:22.46,0.512
17:03:22.55,0.669
17:03:22.65,0.748
17:03:22.76,0.775
17:03:22.85,0.798
17:03:22.96,0.418
17:03:23.06,0.266
17:03:23.17,0.226
17:03:23.27,0.096
17:03:23.36,0.000
17:03:23.45,0.000
17:03:23.56,0.000
17:03:23.66,0.000
17:03:23.75,0.000
17:03:23.86,0.000
17:03:23.95,0.000
17:03:24.06,0.088
17:03:24.17,0.110
17:03:24.25,0.118
17:03:24.36,0.196
17:03:24.45,0.354
17:03:24.55,0.562
17:03:24.65,0.697
17:03:24.77,0.763
17:03:24.86,0.796
17:03:24.95,0.787
17:03:25.06,0.364
17:03:25.16,0.254
17:03:25.26,0.222
17:03:25.36,0.071
17:03:25.46,0.000
17:03:25.56,0.000
17:03:25.66,0.000
17:03:25.77,0.000
17:03:25.86,0.000
17:03:25.96,0.000
17:03:26.06,0.000
17:03:26.17,0.089
17:03:26.26,0.158
17:03:26.36,0.307
17:03:26.46,0.516
17:03:26.56,0.668
17:03:26.67,0.740
17:03:26.76,0.779
17:03:26.86,0.792
17:03:26.96,0.427
17:03:27.06,0.268
17:03:27.16,0.227
17:03:27.27,0.090
17:03:27.36,0.000
17:03:27.46,0.000
17:03:27.56,0.000
17:03:27.67,0.000
17:03:27.77,0.000
17:03:27.86,0.000
17:03:27.96,0.000
17:03:28.06,0.090
17:03:28.16,0.125
17:03:28.26,0.279
17:03:28.36,0.494
17:03:28.46,0.665
17:03:28.56,0.742
17:03:28.66,0.779
17:03:28.76,0.787
17:03:28.86,0.452
17:03:28.97,0.273
17:03:29.06,0.228
17:03:29.16,0.100
17:03:29.26,0.000
17:03:29.36,0.000
17:03:29.46,0.000
17:03:29.56,0.000
17:03:29.66,0.000
17:03:29.76,0.000
17:03:29.86,0.000
17:03:29.96,0.082
17:03:30.06,0.109
17:03:30.16,0.255
17:03:30.26,0.454
17:03:30.36,0.636
17:03:30.46,0.746
17:03:30.56,0.787
17:03:30.66,0.785
17:03:30.76,0.526
17:03:30.86,0.288
17:03:30.96,0.233
17:03:31.06,0.139
17:03:31.16,0.000
17:03:31.26,0.000
17:03:31.36,0.000
17:03:31.46,0.000
17:03:31.56,0.000
17:03:31.66,0.000
17:03:31.76,0.000
17:03:31.86,0.074
17:03:31.97,0.107
17:03:32.07,0.229
17:03:32.16,0.418
17:03:32.26,0.605
17:03:32.36,0.727
17:03:32.46,0.782
17:03:32.56,0.788
17:03:32.66,0.598
17:03:32.76,0.304
17:03:32.86,0.238
17:03:32.96,0.201
17:03:33.06,0.000
17:03:33.16,0.000
17:03:33.26,0.000
17:03:33.36,0.000
17:03:33.46,0.000
17:03:33.56,0.000
17:03:33.66,0.000
17:03:33.76,0.047
17:03:33.86,0.100
17:03:33.96,0.212
17:03:34.07,0.374
17:03:34.17,0.571
17:03:34.26,0.705
17:03:34.36,0.770
17:03:34.46,0.794
17:03:34.56,0.744
17:03:34.66,0.339
17:03:34.76,0.248
17:03:34.86,0.219
17:03:34.96,0.051
17:03:35.06,0.000
17:03:35.16,0.000
17:03:35.26,0.000
17:03:35.36,0.000
17:03:35.47,0.000
17:03:35.56,0.000
17:03:35.66,0.029
17:03:35.76,0.102
17:03:35.86,0.115
17:03:35.96,0.120
17:03:36.06,0.239
17:03:36.16,0.446
17:03:36.26,0.629
17:03:36.37,0.735
17:03:36.46,0.782
17:03:36.56,0.787
17:03:36.66,0.581
17:03:36.76,0.297
17:03:36.86,0.236
17:03:36.96,0.170
17:03:37.07,0.000
17:03:37.16,0.000
17:03:37.26,0.000
17:03:37.37,0.000
17:03:37.46,0.000
17:03:37.56,0.000
17:03:37.66,0.000
17:03:37.76,0.054
17:03:37.86,0.102
17:03:37.96,0.220
17:03:38.06,0.395
17:03:38.16,0.594
17:03:38.26,0.712
17:03:38.36,0.778
17:03:38.46,0.788
17:03:38.56,0.701
17:03:38.66,0.326
17:03:38.76,0.244
17:03:38.86,0.218
17:03:38.96,0.033
17:03:39.06,0.000
17:03:39.16,0.000
17:03:39.26,0.000
17:03:39.37,0.000
17:03:39.46,0.000
17:03:39.56,0.000
17:03:39.66,0.037
17:03:39.76,0.098
17:03:39.86,0.205
17:03:39.96,0.360
17:03:40.06,0.560
17:03:40.16,0.696
17:03:40.26,0.775
17:03:40.36,0.788
17:03:40.46,0.762
17:03:40.56,0.356
17:03:40.66,0.252
17:03:40.76,0.221
17:03:40.86,0.062
17:03:40.96,0.000
17:03:41.06,0.000
17:03:41.16,0.000
17:03:41.26,0.000
17:03:41.35,0.000
17:03:41.46,0.000
17:03:41.56,0.016
17:03:41.65,0.093
17:03:41.75,0.179
17:03:41.86,0.325
17:03:41.96,0.532
17:03:42.06,0.675
17:03:42.16,0.750
17:03:42.25,0.785
17:03:42.35,0.800
17:03:42.46,0.393
17:03:42.56,0.261
17:03:42.66,0.225
17:03:42.76,0.075
17:03:42.85,0.000
17:03:42.96,0.000
17:03:43.06,0.000
17:03:43.16,0.000
17:03:43.26,0.000
17:03:43.35,0.000
17:03:43.46,0.000
17:03:43.56,0.093
17:03:43.66,0.112
17:03:43.76,0.119
17:03:43.86,0.215
17:03:43.96,0.393
17:03:44.06,0.588
17:03:44.16,0.717
17:03:44.26,0.773
17:03:44.35,0.793
17:03:44.46,0.692
17:03:44.56,0.330
17:03:44.66,0.246
17:03:44.76,0.219
17:03:44.86,0.060
17:03:44.96,0.000
17:03:45.06,0.000
17:03:45.16,0.000
17:03:45.26,0.000
17:03:45.36,0.000
17:03:45.46,0.000
17:03:45.56,0.042
17:03:45.66,0.099
17:03:45.76,0.193
17:03:45.86,0.351
17:03:45.96,0.554
17:03:46.06,0.688
17:03:46.16,0.767
17:03:46.26,0.799
17:03:46.36,0.787
17:03:46.46,0.358
17:03:46.56,0.253
17:03:46.66,0.221
17:03:46.76,0.078
17:03:46.86,0.000
17:03:46.96,0.000
17:03:47.06,0.000
17:03:47.15,0.000
17:03:47.25,0.000
17:03:47.36,0.000
17:03:47.46,0.033
17:03:47.56,0.097
17:03:47.66,0.167
17:03:47.76,0.316
17:03:47.86,0.520
17:03:47.97,0.672
17:03:48.06,0.753
17:03:48.16,0.781
17:03:48.25,0.784
17:03:48.36,0.393
17:03:48.45,0.261
17:03:48.56,0.224
17:03:48.66,0.092
17:03:48.76,0.000
17:03:48.86,0.000
17:03:48.97,0.000
17:03:49.07,0.000
17:03:49.16,0.000
17:03:49.25,0.000
17:03:49.35,0.000
17:03:49.45,0.083
17:03:49.56,0.109
17:03:49.66,0.276
17:03:49.76,0.485
17:03:49.86,0.663
17:03:49.97,0.754
17:03:50.06,0.781
17:03:50.16,0.785
17:03:50.26,0.483
17:03:50.36,0.278
17:03:50.46,0.230
17:03:50.56,0.103
17:03:50.66,0.000
17:03:50.76,0.000
17:03:50.86,0.000
17:03:50.96,0.000
17:03:51.07,0.000
17:03:51.16,0.000
17:03:51.26,0.000
17:03:51.36,0.074
17:03:51.46,0.106
17:03:51.56,0.252
17:03:51.66,0.452
17:03:51.76,0.630
17:03:51.86,0.739
17:03:51.96,0.790
17:03:52.06,0.791
17:03:52.16,0.562
17:03:52.26,0.291
17:03:52.36,0.234
17:03:52.46,0.147
17:03:52.56,0.000
17:03:52.66,0.000
17:03:52.76,0.000
17:03:52.86,0.000
17:03:52.96,0.000
17:03:53.06,0.000
17:03:53.16,0.000
17:03:53.26,0.063
17:03:53.36,0.104
17:03:53.46,0.232
17:03:53.56,0.415
17:03:53.66,0.605
17:03:53.76,0.728
17:03:53.86,0.781
17:03:53.96,0.782
17:03:54.06,0.648
17:03:54.16,0.310
17:03:54.26,0.240
17:03:54.36,0.146
17:03:54.46,0.000
17:03:54.56,0.000
17:03:54.66,0.000
17:03:54.76,0.000
17:03:54.86,0.000
17:03:54.95,0.000
17:03:55.06,0.000
17:03:55.16,0.049
17:03:55.26,0.101
17:03:55.36,0.213
17:03:55.46,0.382
17:03:55.56,0.584
17:03:55.66,0.711
17:03:55.75,0.776
17:03:55.86,0.794
17:03:55.95,0.729
17:03:56.06,0.334
17:03:56.16,0.247
17:03:56.25,0.219
17:03:56.35,0.046
17:03:56.45,0.000
17:03:56.56,0.000
17:03:56.66,0.000
17:03:56.76,0.000
17:03:56.86,0.000
17:03:56.96,0.000
17:03:57.06,0.030
17:03:57.16,0.104
17:03:57.26,0.115
17:03:57.35,0.120
17:03:57.45,0.249
17:03:57.55,0.442
17:03:57.66,0.632
17:03:57.76,0.745
17:03:57.86,0.777
17:03:57.96,0.791
17:03:58.05,0.557
17:03:58.16,0.295
17:03:58.26,0.236
17:03:58.36,0.147
17:03:58.46,0.000
17:03:58.56,0.000
17:03:58.66,0.000
17:03:58.76,0.000
17:03:58.85,0.000
17:03:58.96,0.000
17:03:59.06,0.000
17:03:59.16,0.070
17:03:59.25,0.106
17:03:59.35,0.226
17:03:59.46,0.408
17:03:59.55,0.592
17:03:59.66,0.725
17:03:59.76,0.780
17:03:59.85,0.786
17:03:59.96,0.628
17:04:00.05,0.311
17:04:00.16,0.240
17:04:00.26,0.216
17:04:00.36,0.012
17:04:00.46,0.000
17:04:00.55,0.000
17:04:00.65,0.000
17:04:00.76,0.000
17:04:00.85,0.000
17:04:00.96,0.000
17:04:01.06,0.039
17:04:01.15,0.099
17:04:01.26,0.211
17:04:01.36,0.366
17:04:01.46,0.574
17:04:01.56,0.705
17:04:01.66,0.772
17:04:01.76,0.791
17:04:01.86,0.737
17:04:01.96,0.343
17:04:02.05,0.249
17:04:02.16,0.220
17:04:02.25,0.060
17:04:02.36,0.000
17:04:02.46,0.000
17:04:02.56,0.000
17:04:02.66,0.000
17:04:02.76,0.000
17:04:02.87,0.000
17:04:02.96,0.018
17:04:03.05,0.094
17:04:03.16,0.189
17:04:03.26,0.344
17:04:03.36,0.544
17:04:03.46,0.683
17:04:03.55,0.768
17:04:03.65,0.793
17:04:03.76,0.796
17:04:03.85,0.368
17:04:03.96,0.254
17:04:04.05,0.221
17:04:04.15,0.075
17:04:04.26,0.000
17:04:04.35,0.000
17:04:04.46,0.000
17:04:04.56,0.000
17:04:04.65,0.000
17:04:04.76,0.000
17:04:04.85,0.000
17:04:04.96,0.088
17:04:05.05,0.159
17:04:05.15,0.311
17:04:05.26,0.523
17:04:05.35,0.671
17:04:05.46,0.747
17:04:05.55,0.781
17:04:05.65,0.789
17:04:05.76,0.406
17:04:05.86,0.263
17:04:05.96,0.224
17:04:06.06,0.097
17:04:06.15,0.000
17:04:06.26,0.000
17:04:06.36,0.000
17:04:06.46,0.000
17:04:06.56,0.000
17:04:06.65,0.000
17:04:06.77,0.000
17:04:06.86,0.088
17:04:06.96,0.110
17:04:07.06,0.118
17:04:07.15,0.201
17:04:07.25,0.364
17:04:07.37,0.569
17:04:07.46,0.700
17:04:07.55,0.780
17:04:07.66,0.800
17:04:07.76,0.772
17:04:07.86,0.353
17:04:07.96,0.251
17:04:08.06,0.221
17:04:08.15,0.070
17:04:08.26,0.000
17:04:08.36,0.000
17:04:08.46,0.000
17:04:08.56,0.000
17:04:08.65,0.000
17:04:08.75,0.000
17:04:08.86,0.035
17:04:08.96,0.097
17:04:09.06,0.171
17:04:09.16,0.319
17:04:09.25,0.531
17:04:09.35,0.675
17:04:09.46,0.754
17:04:09.56,0.789
17:04:09.65,0.804
17:04:09.75,0.388
17:04:09.86,0.259
17:04:09.96,0.224
17:04:10.06,0.084
17:04:10.16,0.000
17:04:10.25,0.000
17:04:10.36,0.000
17:04:10.46,0.000
17:04:10.55,0.000
17:04:10.66,0.000
17:04:10.76,0.000
17:04:10.86,0.091
17:04:10.96,0.111
17:04:11.06,0.119
17:04:11.16,0.206
17:04:11.26,0.370
17:04:11.36,0.577
17:04:11.46,0.700
17:04:11.56,0.772
17:04:11.66,0.795
17:04:11.75,0.750
17:04:11.85,0.345
17:04:11.96,0.249
17:04:12.06,0.220
17:04:12.17,0.069
17:04:12.26,0.000
17:04:12.35,0.000
17:04:12.46,0.000
17:04:12.56,0.000
17:04:12.65,0.000
17:04:12.76,0.000
17:04:12.86,0.017
17:04:12.96,0.100
17:04:13.06,0.114
17:04:13.15,0.120
17:04:13.26,0.230
17:04:13.36,0.427
17:04:13.46,0.611
17:04:13.56,0.724
17:04:13.66,0.781
17:04:13.76,0.794
17:04:13.86,0.618
17:04:13.96,0.309
17:04:14.06,0.240
17:04:14.16,0.216
17:04:14.25,0.000
17:04:14.36,0.000
17:04:14.46,0.000
17:04:14.56,0.000
17:04:14.65,0.000
17:04:14.75,0.000
17:04:14.86,0.000
17:04:14.96,0.063
17:04:15.06,0.104
17:04:15.16,0.208
17:04:15.25,0.378
17:04:15.36,0.585
17:04:15.46,0.711
17:04:15.56,0.769
17:04:15.66,0.789
17:04:15.75,0.693
17:04:15.86,0.329
17:04:15.96,0.245
17:04:16.06,0.219
17:04:16.15,0.056
17:04:16.25,0.000
17:04:16.36,0.000
17:04:16.46,0.000
17:04:16.56,0.000
17:04:16.66,0.000
17:04:16.75,0.000
17:04:16.86,0.025
17:04:16.96,0.095
17:04:17.06,0.192
17:04:17.16,0.338
17:04:17.25,0.544
17:04:17.35,0.686
17:04:17.46,0.757
17:04:17.56,0.791
17:04:17.66,0.802
17:04:17.75,0.378
17:04:17.85,0.258
17:04:17.96,0.224
17:04:18.06,0.070
17:04:18.16,0.000
17:04:18.26,0.000
17:04:18.36,0.000
17:04:18.46,0.000
17:04:18.56,0.000
17:04:18.66,0.000
17:04:18.76,0.000
17:04:18.86,0.090
17:04:18.96,0.163
17:04:19.06,0.310
17:04:19.16,0.520
17:04:19.26,0.670
17:04:19.36,0.752
17:04:19.46,0.780
17:04:19.56,0.790
17:04:19.66,0.419
17:04:19.76,0.267
17:04:19.86,0.226
17:04:19.96,0.094
17:04:20.06,0.000
17:04:20.16,0.000
17:04:20.26,0.000
17:04:20.36,0.000
17:04:20.46,0.000
17:04:20.56,0.000
17:04:20.66,0.000
17:04:20.77,0.083
17:04:20.86,0.135
17:04:20.97,0.290
17:04:21.06,0.500
17:04:21.16,0.663
17:04:21.26,0.751
17:04:21.36,0.783
17:04:21.47,0.788
17:04:21.56,0.450
17:04:21.66,0.272
17:04:21.76,0.228
17:04:21.86,0.108
17:04:21.95,0.000
17:04:22.06,0.000
17:04:22.16,0.000
17:04:22.26,0.000
17:04:22.36,0.000
17:04:22.47,0.000
17:04:22.56,0.000
17:04:22.66,0.084
17:04:22.76,0.110
17:04:22.86,0.253
17:04:22.96,0.460
17:04:23.06,0.637
17:04:23.16,0.737
17:04:23.26,0.782
17:04:23.36,0.795
17:04:23.46,0.518
17:04:23.56,0.286
17:04:23.66,0.233
17:04:23.76,0.144
17:04:23.86,0.000
17:04:23.97,0.000
17:04:24.06,0.000
17:04:24.16,0.000
17:04:24.26,0.000
17:04:24.35,0.000
17:04:24.45,0.000
17:04:24.56,0.075
17:04:24.66,0.107
17:04:24.76,0.230
17:04:24.85,0.423
17:04:24.95,0.608
17:04:25.06,0.728
17:04:25.16,0.782
17:04:25.26,0.782
17:04:25.36,0.594
17:04:25.46,0.303
17:04:25.56,0.238
17:04:25.66,0.158
17:04:25.76,0.000
17:04:25.85,0.000
17:04:25.96,0.000
17:04:26.06,0.000
17:04:26.16,0.000
17:04:26.26,0.000
17:04:26.35,0.000
17:04:26.45,0.049
17:04:26.55,0.100
17:04:26.66,0.215
17:04:26.76,0.375
17:04:26.86,0.578
17:04:26.95,0.712
17:04:27.05,0.773
17:04:27.16,0.794
17:04:27.26,0.733
17:04:27.36,0.336
17:04:27.45,0.247
17:04:27.55,0.219
17:04:27.66,0.056
17:04:27.76,0.000
17:04:27.86,0.000
17:04:27.95,0.000
17:04:28.05,0.000
17:04:28.15,0.000
17:04:28.26,0.000
17:04:28.36,0.031
17:04:28.45,0.102
17:04:28.56,0.115
17:04:28.65,0.120
17:04:28.76,0.246
17:04:28.86,0.447
17:04:28.95,0.630
17:04:29.05,0.735
17:04:29.15,0.778
17:04:29.27,0.803
17:04:29.36,0.568
17:04:29.45,0.295
17:04:29.55,0.236
17:04:29.66,0.153
17:04:29.75,0.000
17:04:29.86,0.000
17:04:29.95,0.000
17:04:30.05,0.000
17:04:30.16,0.000
17:04:30.25,0.000
17:04:30.36,0.000
17:04:30.45,0.055
17:04:30.55,0.103
17:04:30.66,0.222
17:04:30.75,0.400
17:04:30.85,0.592
17:04:30.96,0.714
17:04:31.05,0.778
17:04:31.17,0.793
17:04:31.26,0.692
17:04:31.35,0.324
17:04:31.45,0.244
17:04:31.55,0.218
17:04:31.66,0.026
17:04:31.76,0.000
17:04:31.85,0.000
17:04:31.95,0.000
17:04:32.05,0.000
17:04:32.16,0.000
17:04:32.26,0.000
17:04:32.36,0.059
17:04:32.45,0.103
17:04:32.55,0.115
17:04:32.66,0.121
17:04:32.76,0.261
17:04:32.86,0.464
17:04:32.95,0.645
17:04:33.05,0.748
17:04:33.16,0.785
17:04:33.26,0.786
17:04:33.36,0.524
17:04:33.46,0.287
17:04:33.55,0.233
17:04:33.66,0.144
17:04:33.76,0.000
17:04:33.86,0.000
17:04:33.96,0.000
17:04:34.05,0.000
17:04:34.15,0.000
17:04:34.26,0.000
17:04:34.36,0.000
17:04:34.46,0.078
17:04:34.55,0.107
17:04:34.65,0.117
17:04:34.76,0.145
17:04:34.86,0.303
17:04:34.96,0.517
17:04:35.06,0.674
17:04:35.16,0.750
17:04:35.26,0.781
17:04:35.36,0.787
17:04:35.46,0.434
17:04:35.55,0.269
17:04:35.65,0.228
17:04:35.76,0.098
17:04:35.86,0.000
17:04:35.96,0.000
17:04:36.06,0.000
17:04:36.15,0.000
17:04:36.25,0.000
17:04:36.36,0.000
17:04:36.46,0.000
17:04:36.56,0.086
17:04:36.65,0.110
17:04:36.77,0.118
17:04:36.86,0.189
17:04:36.96,0.348
17:04:37.05,0.559
17:04:37.16,0.692
17:04:37.26,0.762
17:04:37.36,0.798
17:04:37.46,0.793
17:04:37.55,0.368
17:04:37.66,0.255
17:04:37.75,0.223
17:04:37.87,0.085
17:04:37.96,0.000
17:04:38.05,0.000
17:04:38.16,0.000
17:04:38.25,0.000
17:04:38.36,0.000
17:04:38.46,0.000
17:04:38.55,0.000
17:04:38.65,0.090
17:04:38.76,0.111
17:04:38.85,0.119
17:04:38.96,0.217
17:04:39.05,0.398
17:04:39.15,0.595
17:04:39.26,0.711
17:04:39.35,0.775
17:04:39.46,0.802
17:04:39.55,0.702
17:04:39.65,0.331
17:04:39.76,0.246
17:04:39.85,0.219
17:04:39.96,0.052
17:04:40.06,0.000
17:04:40.15,0.000
17:04:40.26,0.000
17:04:40.36,0.000
17:04:40.46,0.000
17:04:40.55,0.000
17:04:40.65,0.051
17:04:40.76,0.101
17:04:40.86,0.206
17:04:40.96,0.348
17:04:41.06,0.559
17:04:41.16,0.695
17:04:41.25,0.769
17:04:41.36,0.793
17:04:41.46,0.768
17:04:41.55,0.353
17:04:41.65,0.252
17:04:41.76,0.221
17:04:41.86,0.068
17:04:41.96,0.000
17:04:42.06,0.000
17:04:42.16,0.000
17:04:42.26,0.000
17:04:42.36,0.000
17:04:42.46,0.000
17:04:42.56,0.027
17:04:42.65,0.097
17:04:42.75,0.113
17:04:42.86,0.120
17:04:42.96,0.227
17:04:43.06,0.414
17:04:43.15,0.605
17:04:43.26,0.722
17:04:43.36,0.774
17:04:43.46,0.790
17:04:43.56,0.644
17:04:43.65,0.315
17:04:43.76,0.242
17:04:43.86,0.218
17:04:43.96,0.028
17:04:44.06,0.000
17:04:44.16,0.000
17:04:44.26,0.000
17:04:44.36,0.000
17:04:44.46,0.000
17:04:44.56,0.000
17:04:44.66,0.039
17:04:44.75,0.099
17:04:44.86,0.201
17:04:44.96,0.361
17:04:45.06,0.566
17:04:45.16,0.693
17:04:45.25,0.778
17:04:45.36,0.798
17:04:45.46,0.772
17:04:45.56,0.354
17:04:45.66,0.252
17:04:45.75,0.222
17:04:45.85,0.065
17:04:45.96,0.000
17:04:46.06,0.000
17:04:46.16,0.000
17:04:46.26,0.000
17:04:46.35,0.000
17:04:46.46,0.000
17:04:46.56,0.040
17:04:46.66,0.099
17:04:46.76,0.183
17:04:46.85,0.342
17:04:46.96,0.539
17:04:47.06,0.681
17:04:47.16,0.764
17:04:47.26,0.798
17:04:47.36,0.788
17:04:47.46,0.373
17:04:47.56,0.256
17:04:47.66,0.223
17:04:47.76,0.084
17:04:47.85,0.000
17:04:47.96,0.000
17:04:48.06,0.000
17:04:48.16,0.000
17:04:48.26,0.000
17:04:48.36,0.000
17:04:48.46,0.016
17:04:48.56,0.094
17:04:48.66,0.153
17:04:48.76,0.304
17:04:48.86,0.515
17:04:48.96,0.666
17:04:49.06,0.744
17:04:49.16,0.781
17:04:49.26,0.795
17:04:49.36,0.420
17:04:49.46,0.267
17:04:49.56,0.227
17:04:49.66,0.094
17:04:49.75,0.000
17:04:49.86,0.000
17:04:49.96,0.000
17:04:50.06,0.000
17:04:50.16,0.000
17:04:50.25,0.000
17:04:50.36,0.000
17:04:50.46,0.088
17:04:50.56,0.116
17:04:50.66,0.270
17:04:50.76,0.481
17:04:50.86,0.657
17:04:50.96,0.752
17:04:51.06,0.789
17:04:51.16,0.784
17:04:51.25,0.477
17:04:51.35,0.278
17:04:51.46,0.230
17:04:51.56,0.112
17:04:51.66,0.000
17:04:51.76,0.000
17:04:51.85,0.000
17:04:51.96,0.000
17:04:52.06,0.000
17:04:52.16,0.000
17:04:52.26,0.000
17:04:52.36,0.080
17:04:52.46,0.108
17:04:52.56,0.245
17:04:52.66,0.444
17:04:52.76,0.630
17:04:52.86,0.738
17:04:52.96,0.782
17:04:53.06,0.791
17:04:53.16,0.551
17:04:53.26,0.292
17:04:53.37,0.235
17:04:53.46,0.165
17:04:53.56,0.000
17:04:53.66,0.000
17:04:53.76,0.000
17:04:53.86,0.000
17:04:53.96,0.000
17:04:54.06,0.000
17:04:54.16,0.000
17:04:54.25,0.070
17:04:54.35,0.106
17:04:54.46,0.225
17:04:54.56,0.410
17:04:54.66,0.598
17:04:54.76,0.725
17:04:54.86,0.782
17:04:54.96,0.781
17:04:55.06,0.622
17:04:55.15,0.310
17:04:55.26,0.240
17:04:55.36,0.217
17:04:55.45,0.007
17:04:55.56,0.000
17:04:55.66,0.000
17:04:55.76,0.000
17:04:55.86,0.000
17:04:55.97,0.000
17:04:56.06,0.000
17:04:56.16,0.041
17:04:56.26,0.100
17:04:56.36,0.208
17:04:56.45,0.369
17:04:56.56,0.568
17:04:56.66,0.701
17:04:56.76,0.769
17:04:56.87,0.800
17:04:56.95,0.759
17:04:57.06,0.347
17:04:57.16,0.250
17:04:57.26,0.221
17:04:57.36,0.063
17:04:57.46,0.000
17:04:57.56,0.000
17:04:57.66,0.000
17:04:57.77,0.000
17:04:57.86,0.000
17:04:57.97,0.000
17:04:58.06,0.042
17:04:58.16,0.099
17:04:58.26,0.193
17:04:58.36,0.340
17:04:58.45,0.551
17:04:58.56,0.693
17:04:58.66,0.768
17:04:58.75,0.800
17:04:58.85,0.788
17:04:58.95,0.363
17:04:59.06,0.254
17:04:59.16,0.222
17:04:59.26,0.071
17:04:59.35,0.000
17:04:59.45,0.000
17:04:59.56,0.000
17:04:59.66,0.000
17:04:59.76,0.000
17:04:59.86,0.000
17:04:59.95,0.030
17:05:00.06,0.096
17:05:00.16,0.156
17:05:00.26,0.310
17:05:00.36,0.525
17:05:00.45,0.670
17:05:00.56,0.752
17:05:00.66,0.794
17:05:00.76,0.796
17:05:00.85,0.399
17:05:00.96,0.262
17:05:01.06,0.225
17:05:01.16,0.091
17:05:01.26,0.000
17:05:01.35,0.000
17:05:01.45,0.000
17:05:01.55,0.000
17:05:01.66,0.000
17:05:01.76,0.000
17:05:01.86,0.000
17:05:01.96,0.081
17:05:02.05,0.109
17:05:02.16,0.272
17:05:02.26,0.481
17:05:02.36,0.652
17:05:02.45,0.745
17:05:02.56,0.785
17:05:02.66,0.794
17:05:02.76,0.499
17:05:02.85,0.281
17:05:02.95,0.232
17:05:03.05,0.123
17:05:03.17,0.000
17:05:03.26,0.000
17:05:03.36,0.000
17:05:03.45,0.000
17:05:03.57,0.000
17:05:03.65,0.000
17:05:03.76,0.000
17:05:03.86,0.072
17:05:03.95,0.106
17:05:04.05,0.255
17:05:04.16,0.455
17:05:04.26,0.638
17:05:04.36,0.740
17:05:04.46,0.777
17:05:04.55,0.796
17:05:04.66,0.527
17:05:04.76,0.286
17:05:04.86,0.232
17:05:04.96,0.145
17:05:05.05,0.000
17:05:05.16,0.000
17:05:05.25,0.000
17:05:05.36,0.000
17:05:05.46,0.000
17:05:05.55,0.000
17:05:05.66,0.000
17:05:05.76,0.061
17:05:05.85,0.103
17:05:05.95,0.225
17:05:06.05,0.415
17:05:06.16,0.601
17:05:06.25,0.720
17:05:06.35,0.776
17:05:06.45,0.796
17:05:06.55,0.651
17:05:06.66,0.314
17:05:06.77,0.242
17:05:06.85,0.211
17:05:06.95,0.000
17:05:07.07,0.000
17:05:07.16,0.000
17:05:07.26,0.000
17:05:07.35,0.000
17:05:07.46,0.000
17:05:07.55,0.000
17:05:07.66,0.065
17:05:07.76,0.104
17:05:07.85,0.116
17:05:07.96,0.122
17:05:08.05,0.272
17:05:08.15,0.481
17:05:08.26,0.655
17:05:08.36,0.752
17:05:08.46,0.789
17:05:08.55,0.785
17:05:08.65,0.498
17:05:08.76,0.281
17:05:08.86,0.232
17:05:08.96,0.137
17:05:09.06,0.000
17:05:09.16,0.000
17:05:09.26,0.000
17:05:09.36,0.000
17:05:09.46,0.000
17:05:09.56,0.000
17:05:09.66,0.000
17:05:09.76,0.068
17:05:09.86,0.105
17:05:09.95,0.234
17:05:10.06,0.420
17:05:10.16,0.613
17:05:10.26,0.731
17:05:10.36,0.780
17:05:10.46,0.791
17:05:10.56,0.623
17:05:10.66,0.305
17:05:10.76,0.239
17:05:10.86,0.189
17:05:10.96,0.000
17:05:11.06,0.000
17:05:11.16,0.000
17:05:11.26,0.000
17:05:11.36,0.000
17:05:11.46,0.000
17:05:11.56,0.000
17:05:11.66,0.068
17:05:11.76,0.105
17:05:11.86,0.116
17:05:11.96,0.130
17:05:12.06,0.283
17:05:12.16,0.497
17:05:12.26,0.663
17:05:12.36,0.750
17:05:12.46,0.783
17:05:12.56,0.797
17:05:12.66,0.469
17:05:12.76,0.276
17:05:12.86,0.230
17:05:12.96,0.123
17:05:13.06,0.000
17:05:13.16,0.000
17:05:13.26,0.000
17:05:13.36,0.000
17:05:13.46,0.000
17:05:13.56,0.000
17:05:13.66,0.000
17:05:13.76,0.087
17:05:13.86,0.109
17:05:13.96,0.118
17:05:14.06,0.172
17:05:14.16,0.333
17:05:14.26,0.537
17:05:14.36,0.682
17:05:14.46,0.763
17:05:14.56,0.788
17:05:14.66,0.798
17:05:14.76,0.394
17:05:14.86,0.261
17:05:14.96,0.225
17:05:15.06,0.087
17:05:15.16,0.000
17:05:15.26,0.000
17:05:15.36,0.000
17:05:15.46,0.000
17:05:15.56,0.000
17:05:15.66,0.000
17:05:15.76,0.000
17:05:15.86,0.089
17:05:15.96,0.111
17:05:16.06,0.119
17:05:16.16,0.211
17:05:16.26,0.373
17:05:16.36,0.578
17:05:16.46,0.707
17:05:16.56,0.783
17:05:16.66,0.800
17:05:16.76,0.734
17:05:16.86,0.348
17:05:16.96,0.251
17:05:17.06,0.222
17:05:17.16,0.067
17:05:17.26,0.000
17:05:17.36,0.000
17:05:17.46,0.000
17:05:17.56,0.000
17:05:17.66,0.000
17:05:17.76,0.000
17:05:17.86,0.015
17:05:17.96,0.100
17:05:18.06,0.114
17:05:18.17,0.120
17:05:18.26,0.233
17:05:18.36,0.426
17:05:18.46,0.607
17:05:18.56,0.729
17:05:18.66,0.781
17:05:18.76,0.787
17:05:18.86,0.620
17:05:18.96,0.309
17:05:19.06,0.240
17:05:19.16,0.217
17:05:19.26,0.000
17:05:19.36,0.000
17:05:19.46,0.000
17:05:19.56,0.000
17:05:19.66,0.000
17:05:19.76,0.000
17:05:19.86,0.000
17:05:19.96,0.066
17:05:20.06,0.105
17:05:20.16,0.116
17:05:20.26,0.122
17:05:20.36,0.271
17:05:20.46,0.481
17:05:20.56,0.656
17:05:20.66,0.751
17:05:20.76,0.788
17:05:20.86,0.784
17:05:20.96,0.503
17:05:21.06,0.282
17:05:21.16,0.232
17:05:21.27,0.137
17:05:21.36,0.000
17:05:21.46,0.000
17:05:21.56,0.000
17:05:21.66,0.000
17:05:21.76,0.000
17:05:21.86,0.000
17:05:21.96,0.000
17:05:22.06,0.079
17:05:22.16,0.108
17:05:22.26,0.237
17:05:22.36,0.426
17:05:22.46,0.619
17:05:22.56,0.735
17:05:22.66,0.785
17:05:22.76,0.777
17:05:22.86,0.566
17:05:22.96,0.298
17:05:23.06,0.237
17:05:23.16,0.155
17:05:23.26,0.000
17:05:23.36,0.000
17:05:23.46,0.000
17:05:23.56,0.000
17:05:23.66,0.000
17:05:23.76,0.000
17:05:23.86,0.000
17:05:23.96,0.068
17:05:24.06,0.105
17:05:24.16,0.218
17:05:24.26,0.396
17:05:24.36,0.594
17:05:24.46,0.716
17:05:24.56,0.777
17:05:24.66,0.782
17:05:24.76,0.645
17:05:24.86,0.319
17:05:24.96,0.243
17:05:25.06,0.218
17:05:25.16,0.034
17:05:25.26,0.000
17:05:25.36,0.000
17:05:25.46,0.000
17:05:25.56,0.000
17:05:25.66,0.000
17:05:25.76,0.000
17:05:25.86,0.054
17:05:25.96,0.102
17:05:26.06,0.196
17:05:26.16,0.360
17:05:26.26,0.560
17:05:26.36,0.699
17:05:26.46,0.773
17:05:26.56,0.794
17:05:26.66,0.749
17:05:26.76,0.347
17:05:26.86,0.250
17:05:26.96,0.221
17:05:27.06,0.074
17:05:27.16,0.000
17:05:27.26,0.000
17:05:27.36,0.000
17:05:27.46,0.000
17:05:27.56,0.000
17:05:27.66,0.000
17:05:27.76,0.042
17:05:27.86,0.099
17:05:27.96,0.113
17:05:28.06,0.120
17:05:28.16,0.231
17:05:28.26,0.425
17:05:28.36,0.607
17:05:28.47,0.726
17:05:28.56,0.780
17:05:28.66,0.787
17:05:28.75,0.609
17:05:28.86,0.310
17:05:28.96,0.240
17:05:29.06,0.217
17:05:29.16,0.010
17:05:29.26,0.000
17:05:29.36,0.000
17:05:29.46,0.000
17:05:29.56,0.000
17:05:29.66,0.000
17:05:29.76,0.000
17:05:29.86,0.059
17:05:29.96,0.103
17:05:30.06,0.213
17:05:30.16,0.376
17:05:30.26,0.583
17:05:30.36,0.709
17:05:30.45,0.771
17:05:30.56,0.797
17:05:30.66,0.699
17:05:30.76,0.332
17:05:30.86,0.246
17:05:30.96,0.219
17:05:31.06,0.066
17:05:31.16,0.000
17:05:31.26,0.000
17:05:31.36,0.000
17:05:31.46,0.000
17:05:31.55,0.000
17:05:31.66,0.000
17:05:31.76,0.047
17:05:31.85,0.100
17:05:31.96,0.189
17:05:32.06,0.346
17:05:32.15,0.548
17:05:32.26,0.691
17:05:32.36,0.770
17:05:32.46,0.801
17:05:32.56,0.787
17:05:32.65,0.360
17:05:32.76,0.253
17:05:32.86,0.222
17:05:32.96,0.075
17:05:33.06,0.000
17:05:33.16,0.000
17:05:33.25,0.000
17:05:33.36,0.000
17:05:33.46,0.000
17:05:33.55,0.000
17:05:33.66,0.000
17:05:33.76,0.089
17:05:33.86,0.171
17:05:33.95,0.324
17:05:34.06,0.531
17:05:34.16,0.675
17:05:34.25,0.752
17:05:34.36,0.786
17:05:34.46,0.801
17:05:34.56,0.387
17:05:34.66,0.259
17:05:34.76,0.223
17:05:34.86,0.096
17:05:34.96,0.000
17:05:35.05,0.000
17:05:35.15,0.000
17:05:35.26,0.000
17:05:35.36,0.000
17:05:35.46,0.000
17:05:35.56,0.000
17:05:35.66,0.090
17:05:35.76,0.124
17:05:35.86,0.279
17:05:35.96,0.492
17:05:36.06,0.662
17:05:36.16,0.751
17:05:36.26,0.788
17:05:36.36,0.787
17:05:36.46,0.455
17:05:36.56,0.273
17:05:36.65,0.229
17:05:36.75,0.111
17:05:36.86,0.000
17:05:36.95,0.000
17:05:37.05,0.000
17:05:37.15,0.000
17:05:37.26,0.000
17:05:37.35,0.000
17:05:37.45,0.000
17:05:37.55,0.084
17:05:37.65,0.110
17:05:37.76,0.251
17:05:37.86,0.458
17:05:37.96,0.638
17:05:38.06,0.739
17:05:38.15,0.782
17:05:38.26,0.790
17:05:38.36,0.520
17:05:38.45,0.286
17:05:38.56,0.233
17:05:38.66,0.137
17:05:38.76,0.000
17:05:38.86,0.000
17:05:38.96,0.000
17:05:39.06,0.000
17:05:39.16,0.000
17:05:39.26,0.000
17:05:39.36,0.000
17:05:39.46,0.073
17:05:39.55,0.107
17:05:39.66,0.229
17:05:39.75,0.418
17:05:39.85,0.608
17:05:39.95,0.730
17:05:40.06,0.785
17:05:40.15,0.786
17:05:40.26,0.585
17:05:40.36,0.305
17:05:40.46,0.239
17:05:40.56,0.211
17:05:40.66,0.000
17:05:40.76,0.000
17:05:40.86,0.000
17:05:40.96,0.000
17:05:41.06,0.000
17:05:41.16,0.000
17:05:41.26,0.000
17:05:41.36,0.065
17:05:41.46,0.104
17:05:41.56,0.116
17:05:41.65,0.122
17:05:41.76,0.272
17:05:41.85,0.482
17:05:41.96,0.655
17:05:42.06,0.750
17:05:42.16,0.789
17:05:42.26,0.788
17:05:42.36,0.498
17:05:42.46,0.281
17:05:42.56,0.231
17:05:42.66,0.133
17:05:42.76,0.000
17:05:42.86,0.000
17:05:42.96,0.000
17:05:43.06,0.000
17:05:43.16,0.000
17:05:43.25,0.000
17:05:43.36,0.000
17:05:43.46,0.067
17:05:43.56,0.105
17:05:43.66,0.238
17:05:43.76,0.424
17:05:43.86,0.615
17:05:43.96,0.733
17:05:44.06,0.782
17:05:44.16,0.784
17:05:44.26,0.622
17:05:44.36,0.304
17:05:44.46,0.239
17:05:44.56,0.185
17:05:44.66,0.000
17:05:44.76,0.000
17:05:44.86,0.000
17:05:44.96,0.000
17:05:45.06,0.000
17:05:45.16,0.000
17:05:45.26,0.000
17:05:45.36,0.067
17:05:45.46,0.105
17:05:45.56,0.221
17:05:45.66,0.405
17:05:45.76,0.592
17:05:45.86,0.719
17:05:45.96,0.775
17:05:46.06,0.793
17:05:46.16,0.635
17:05:46.26,0.314
17:05:46.36,0.241
17:05:46.46,0.217
17:05:46.56,0.036
17:05:46.66,0.000
17:05:46.76,0.000
17:05:46.86,0.000
17:05:46.96,0.000
17:05:47.06,0.000
17:05:47.16,0.000
17:05:47.26,0.055
17:05:47.36,0.102
17:05:47.46,0.210
17:05:47.56,0.363
17:05:47.66,0.573
17:05:47.76,0.703
17:05:47.86,0.767
17:05:47.96,0.797
17:05:48.06,0.734
17:05:48.16,0.339
17:05:48.26,0.248
17:05:48.36,0.220
17:05:48.46,0.061
17:05:48.56,0.000
17:05:48.66,0.000
17:05:48.76,0.000
17:05:48.86,0.000
17:05:48.96,0.000
17:05:49.06,0.000
17:05:49.16,0.039
17:05:49.26,0.098
17:05:49.36,0.181
17:05:49.46,0.341
17:05:49.56,0.543
17:05:49.66,0.682
17:05:49.76,0.765
17:05:49.86,0.795
17:05:49.96,0.796
17:05:50.06,0.374
17:05:50.16,0.257
17:05:50.26,0.223
17:05:50.36,0.077
17:05:50.46,0.000
17:05:50.56,0.000
17:05:50.66,0.000
17:05:50.76,0.000
17:05:50.86,0.000
17:05:50.96,0.000
17:05:51.06,0.017
17:05:51.16,0.093
17:05:51.26,0.147
17:05:51.36,0.299
17:05:51.46,0.514
17:05:51.56,0.668
17:05:51.66,0.746
17:05:51.76,0.784
17:05:51.86,0.795
17:05:51.96,0.423
17:05:52.06,0.267
17:05:52.16,0.227
17:05:52.26,0.095
17:05:52.36,0.000
17:05:52.46,0.000
17:05:52.56,0.000
17:05:52.66,0.000
17:05:52.76,0.000
17:05:52.86,0.000
17:05:52.96,0.000
17:05:53.06,0.088
17:05:53.16,0.111
17:05:53.26,0.119
17:05:53.36,0.194
17:05:53.46,0.363
17:05:53.56,0.563
17:05:53.66,0.691
17:05:53.76,0.768
17:05:53.86,0.801
17:05:53.96,0.776
17:05:54.06,0.360
17:05:54.16,0.254
17:05:54.26,0.222
17:05:54.36,0.078
17:05:54.46,0.000
17:05:54.56,0.000
17:05:54.66,0.000
17:05:54.76,0.000
17:05:54.86,0.000
17:05:54.96,0.000
17:05:55.06,0.002
17:05:55.16,0.099
17:05:55.26,0.113
17:05:55.36,0.119
17:05:55.46,0.220
17:05:55.56,0.407
17:05:55.66,0.602
17:05:55.76,0.718
17:05:55.86,0.775
17:05:55.96,0.797
17:05:56.06,0.657
17:05:56.16,0.321
17:05:56.26,0.244
17:05:56.36,0.218
17:05:56.46,0.042
17:05:56.56,0.000
17:05:56.66,0.000
17:05:56.76,0.000
17:05:56.86,0.000
17:05:56.96,0.000
17:05:57.06,0.000
17:05:57.16,0.057
17:05:57.26,0.102
17:05:57.36,0.115
17:05:57.46,0.120
17:05:57.56,0.251
17:05:57.66,0.456
17:05:57.76,0.638
17:05:57.86,0.742
17:05:57.96,0.789
17:05:58.06,0.791
17:05:58.16,0.551
17:05:58.26,0.292
17:05:58.36,0.235
17:05:58.46,0.167
17:05:58.56,0.000
17:05:58.66,0.000
17:05:58.76,0.000
17:05:58.86,0.000
17:05:58.96,0.000
17:05:59.06,0.000
17:05:59.16,0.000
17:05:59.26,0.069
17:05:59.36,0.106
17:05:59.46,0.227
17:05:59.57,0.411
17:05:59.66,0.604
17:05:59.76,0.722
17:05:59.86,0.780
17:05:59.96,0.787
17:06:00.06,0.622
17:06:00.16,0.309
17:06:00.26,0.240
17:06:00.36,0.217
17:06:00.46,0.014
17:06:00.56,0.000
17:06:00.66,0.000
17:06:00.76,0.000
17:06:00.86,0.000
17:06:00.96,0.000
17:06:01.06,0.000
17:06:01.16,0.064
17:06:01.26,0.103
17:06:01.36,0.116
17:06:01.46,0.121
17:06:01.56,0.263
17:06:01.66,0.473
17:06:01.76,0.646
17:06:01.87,0.745
17:06:01.96,0.788
17:06:02.06,0.794
17:06:02.16,0.526
17:06:02.26,0.287
17:06:02.36,0.234
17:06:02.46,0.146
17:06:02.56,0.000
17:06:02.66,0.000
17:06:02.76,0.000
17:06:02.86,0.000
17:06:02.96,0.000
17:06:03.06,0.000
17:06:03.16,0.000
17:06:03.26,0.074
17:06:03.36,0.107
17:06:03.46,0.117
17:06:03.56,0.149
17:06:03.66,0.313
17:06:03.76,0.521
17:06:03.86,0.672
17:06:03.96,0.753
17:06:04.06,0.783
17:06:04.16,0.800
17:06:04.26,0.422
17:06:04.35,0.267
17:06:04.45,0.227
17:06:04.56,0.094
17:06:04.66,0.000
17:06:04.76,0.000
17:06:04.86,0.000
17:06:04.96,0.000
17:06:05.06,0.000
17:06:05.16,0.000
17:06:05.26,0.000
17:06:05.36,0.087
17:06:05.46,0.111
17:06:05.56,0.270
17:06:05.66,0.475
17:06:05.76,0.656
17:06:05.86,0.746
17:06:05.96,0.778
17:06:06.06,0.795
17:06:06.16,0.487
17:06:06.25,0.280
17:06:06.35,0.231
17:06:06.45,0.129
17:06:06.56,0.000
17:06:06.65,0.000
17:06:06.76,0.000
17:06:06.85,0.000
17:06:06.96,0.000
17:06:07.06,0.000
17:06:07.16,0.000
17:06:07.26,0.080
17:06:07.36,0.108
17:06:07.46,0.117
17:06:07.56,0.163
17:06:07.65,0.322
17:06:07.76,0.536
17:06:07.86,0.679
17:06:07.96,0.751
17:06:08.06,0.792
17:06:08.15,0.798
17:06:08.26,0.398
17:06:08.35,0.262
17:06:08.45,0.226
17:06:08.55,0.090
17:06:08.66,0.000
17:06:08.76,0.000
17:06:08.86,0.000
17:06:08.95,0.000
17:06:09.06,0.000
17:06:09.15,0.000
17:06:09.26,0.000
17:06:09.35,0.083
17:06:09.46,0.132
17:06:09.56,0.285
17:06:09.66,0.496
17:06:09.76,0.665
17:06:09.86,0.751
17:06:09.95,0.787
17:06:10.06,0.789
17:06:10.16,0.456
17:06:10.26,0.274
17:06:10.36,0.229
17:06:10.46,0.103
17:06:10.56,0.000
17:06:10.66,0.000
17:06:10.76,0.000
17:06:10.86,0.000
17:06:10.95,0.000
17:06:11.05,0.000
17:06:11.16,0.000
17:06:11.26,0.084
17:06:11.35,0.110
17:06:11.45,0.253
17:06:11.56,0.454
17:06:11.66,0.639
17:06:11.75,0.746
17:06:11.86,0.779
17:06:11.96,0.791
17:06:12.05,0.520
17:06:12.16,0.286
17:06:12.26,0.233
17:06:12.35,0.141
17:06:12.45,0.000
17:06:12.56,0.000
17:06:12.66,0.000
17:06:12.76,0.000
17:06:12.86,0.000
17:06:12.95,0.000
17:06:13.06,0.000
17:06:13.16,0.063
17:06:13.26,0.109
17:06:13.36,0.117
17:06:13.46,0.147
17:06:13.55,0.304
17:06:13.66,0.521
17:06:13.76,0.675
17:06:13.86,0.750
17:06:13.96,0.783
17:06:14.06,0.793
17:06:14.16,0.436
17:06:14.26,0.270
17:06:14.36,0.228
17:06:14.46,0.102
17:06:14.56,0.000
17:06:14.66,0.000
17:06:14.76,0.000
17:06:14.86,0.000
17:06:14.96,0.000
17:06:15.06,0.000
17:06:15.16,0.000
17:06:15.26,0.087
17:06:15.36,0.111
17:06:15.46,0.267
17:06:15.56,0.471
17:06:15.65,0.649
17:06:15.76,0.745
17:06:15.86,0.782
17:06:15.96,0.791
17:06:16.06,0.492
17:06:16.16,0.280
17:06:16.26,0.231
17:06:16.36,0.135
17:06:16.46,0.000
17:06:16.56,0.000
17:06:16.66,0.000
17:06:16.76,0.000
17:06:16.86,0.000
17:06:16.96,0.000
17:06:17.06,0.000
17:06:17.16,0.068
17:06:17.25,0.114
17:06:17.36,0.235
17:06:17.46,0.437
17:06:17.56,0.625
17:06:17.65,0.734
17:06:17.76,0.779
17:06:17.86,0.799
17:06:17.96,0.551
17:06:18.06,0.294
17:06:18.16,0.236
17:06:18.26,0.169
17:06:18.36,0.000
17:06:18.46,0.000
17:06:18.56,0.000
17:06:18.66,0.000
17:06:18.76,0.000
17:06:18.86,0.000
17:06:18.96,0.000
17:06:19.06,0.055
17:06:19.16,0.103
17:06:19.26,0.213
17:06:19.36,0.393
17:06:19.46,0.592
17:06:19.56,0.712
17:06:19.66,0.780
17:06:19.76,0.792
17:06:19.86,0.695
17:06:19.96,0.325
17:06:20.06,0.245
17:06:20.16,0.219
17:06:20.26,0.032
17:06:20.36,0.000
17:06:20.46,0.000
17:06:20.56,0.000
17:06:20.66,0.000
17:06:20.76,0.000
17:06:20.86,0.000
17:06:20.96,0.043
17:06:21.06,0.103
17:06:21.16,0.115
17:06:21.26,0.120
17:06:21.36,0.253
17:06:21.46,0.456
17:06:21.56,0.640
17:06:21.66,0.745
17:06:21.76,0.783
17:06:21.86,0.791
17:06:21.96,0.533
17:06:22.06,0.290
17:06:22.16,0.234
17:06:22.26,0.156
17:06:22.36,0.000
17:06:22.46,0.000
17:06:22.56,0.000
17:06:22.66,0.000
17:06:22.76,0.000
17:06:22.86,0.000
17:06:22.96,0.000
17:06:23.06,0.061
17:06:23.16,0.104
17:06:23.26,0.228
17:06:23.36,0.410
17:06:23.46,0.603
17:06:23.56,0.723
17:06:23.66,0.776
17:06:23.76,0.792
17:06:23.86,0.652
17:06:23.96,0.314
17:06:24.06,0.242
17:06:24.16,0.217
17:06:24.26,0.000
17:06:24.36,0.000
17:06:24.46,0.000
17:06:24.56,0.000
17:06:24.66,0.000
17:06:24.76,0.000
17:06:24.86,0.000
17:06:24.96,0.061
17:06:25.06,0.104
17:06:25.16,0.209
17:06:25.26,0.385
17:06:25.36,0.582
17:06:25.46,0.718
17:06:25.56,0.777
17:06:25.66,0.788
17:06:25.76,0.686
17:06:25.86,0.328
17:06:25.96,0.245
17:06:26.06,0.219
17:06:26.16,0.060
17:06:26.26,0.000
17:06:26.36,0.000
17:06:26.46,0.000
17:06:26.56,0.000
17:06:26.66,0.000
17:06:26.76,0.000
17:06:26.86,0.025
17:06:26.96,0.106
17:06:27.06,0.115
17:06:27.16,0.120
17:06:27.26,0.244
17:06:27.36,0.435
17:06:27.46,0.628
17:06:27.56,0.742
17:06:27.66,0.786
17:06:27.76,0.790
17:06:27.86,0.568
17:06:27.96,0.299
17:06:28.06,0.237
17:06:28.16,0.196
17:06:28.26,0.000
17:06:28.36,0.000
17:06:28.46,0.000
17:06:28.56,0.000
17:06:28.66,0.000
17:06:28.76,0.000
17:06:28.86,0.000
17:06:28.96,0.053
17:06:29.06,0.103
17:06:29.16,0.214
17:06:29.26,0.391
17:06:29.36,0.589
17:06:29.46,0.709
17:06:29.56,0.774
17:06:29.66,0.795
17:06:29.76,0.693
17:06:29.86,0.327
17:06:29.96,0.245
17:06:30.06,0.219
17:06:30.16,0.037
17:06:30.26,0.000
17:06:30.36,0.000
17:06:30.46,0.000
17:06:30.56,0.000
17:06:30.66,0.000
17:06:30.76,0.000
17:06:30.86,0.034
17:06:30.96,0.098
17:06:31.06,0.200
17:06:31.16,0.357
17:06:31.26,0.559
17:06:31.36,0.698
17:06:31.46,0.770
17:06:31.56,0.799
17:06:31.66,0.768
17:06:31.76,0.356
17:06:31.86,0.253
17:06:31.96,0.222
17:06:32.06,0.069
17:06:32.16,0.000
17:06:32.26,0.000
17:06:32.36,0.000
17:06:32.46,0.000
17:06:32.56,0.000
17:06:32.66,0.000
17:06:32.76,0.039
17:06:32.86,0.099
17:06:32.96,0.178
17:06:33.06,0.330
17:06:33.16,0.540
17:06:33.26,0.680
17:06:33.36,0.766
17:06:33.46,0.802
17:06:33.56,0.794
17:06:33.66,0.371
17:06:33.76,0.256
17:06:33.86,0.223
17:06:33.96,0.075
17:06:34.06,0.000
17:06:34.16,0.000
17:06:34.26,0.000
17:06:34.36,0.000
17:06:34.46,0.000
17:06:34.56,0.000
17:06:34.66,0.003
17:06:34.76,0.093
17:06:34.86,0.146
17:06:34.96,0.302
17:06:35.06,0.509
17:06:35.16,0.667
17:06:35.26,0.753
17:06:35.36,0.781
17:06:35.46,0.794
17:06:35.56,0.422
17:06:35.66,0.267
17:06:35.76,0.227
17:06:35.86,0.103
17:06:35.96,0.000
17:06:36.06,0.000
17:06:36.16,0.000
17:06:36.26,0.000
17:06:36.35,0.000
17:06:36.45,0.000
17:06:36.56,0.000
17:06:36.66,0.086
17:06:36.76,0.110
17:06:36.86,0.118
17:06:36.96,0.200
17:06:37.06,0.352
17:06:37.16,0.563
17:06:37.26,0.704
17:06:37.36,0.772
17:06:37.46,0.803
17:06:37.56,0.784
17:06:37.66,0.359
17:06:37.75,0.253
17:06:37.86,0.222
17:06:37.96,0.076
17:06:38.06,0.000
17:06:38.16,0.000
17:06:38.25,0.000
17:06:38.36,0.000
17:06:38.46,0.000
17:06:38.56,0.000
17:06:38.66,0.032
17:06:38.75,0.096
17:06:38.85,0.157
17:06:38.96,0.312
17:06:39.06,0.524
17:06:39.16,0.672
17:06:39.25,0.753
17:06:39.35,0.798
17:06:39.45,0.793
17:06:39.56,0.399
17:06:39.65,0.262
17:06:39.75,0.225
17:06:39.86,0.089
17:06:39.96,0.000
17:06:40.06,0.000
17:06:40.16,0.000
17:06:40.25,0.000
17:06:40.35,0.000
17:06:40.46,0.000
17:06:40.56,0.000
17:06:40.66,0.090
17:06:40.75,0.124
17:06:40.86,0.280
17:06:40.95,0.495
17:06:41.06,0.665
17:06:41.15,0.748
17:06:41.26,0.779
17:06:41.35,0.794
17:06:41.46,0.448
17:06:41.55,0.272
17:06:41.66,0.229
17:06:41.76,0.109
17:06:41.85,0.000
17:06:41.96,0.000
17:06:42.06,0.000
17:06:42.15,0.000
17:06:42.26,0.000
17:06:42.36,0.000
17:06:42.46,0.000
17:06:42.55,0.083
17:06:42.66,0.109
17:06:42.76,0.253
17:06:42.86,0.451
17:06:42.96,0.637
17:06:43.06,0.747
17:06:43.16,0.788
17:06:43.26,0.786
17:06:43.36,0.519
17:06:43.46,0.286
17:06:43.56,0.233
17:06:43.66,0.146
17:06:43.76,0.000
17:06:43.86,0.000
17:06:43.96,0.000
17:06:44.06,0.000
17:06:44.16,0.000
17:06:44.26,0.000
17:06:44.36,0.000
17:06:44.46,0.075
17:06:44.56,0.107
17:06:44.66,0.227
17:06:44.76,0.420
17:06:44.86,0.610
17:06:44.96,0.730
17:06:45.06,0.786
17:06:45.16,0.791
17:06:45.26,0.590
17:06:45.36,0.303
17:06:45.46,0.238
17:06:45.56,0.194
17:06:45.66,0.000
17:06:45.76,0.000
17:06:45.85,0.000
17:06:45.96,0.000
17:06:46.06,0.000
17:06:46.16,0.000
17:06:46.26,0.000
17:06:46.36,0.048
17:06:46.46,0.101
17:06:46.56,0.209
17:06:46.66,0.377
17:06:46.75,0.574
17:06:46.85,0.708
17:06:46.96,0.772
17:06:47.06,0.799
17:06:47.16,0.728
17:06:47.26,0.339
17:06:47.36,0.249
17:06:47.46,0.221
17:06:47.56,0.057
17:06:47.66,0.000
17:06:47.76,0.000
17:06:47.86,0.000
17:06:47.96,0.000
17:06:48.06,0.000
17:06:48.16,0.000
17:06:48.26,0.052
17:06:48.36,0.101
17:06:48.45,0.196
17:06:48.55,0.352
17:06:48.66,0.560
17:06:48.76,0.691
17:06:48.86,0.775
17:06:48.96,0.805
17:06:49.06,0.778
17:06:49.16,0.351
17:06:49.26,0.251
17:06:49.36,0.221
17:06:49.46,0.072
17:06:49.56,0.000
17:06:49.66,0.000
17:06:49.76,0.000
17:06:49.86,0.000
17:06:49.96,0.000
17:06:50.06,0.000
17:06:50.16,0.005
17:06:50.26,0.100
17:06:50.36,0.113
17:06:50.46,0.120
17:06:50.56,0.225
17:06:50.66,0.414
17:06:50.76,0.603
17:06:50.86,0.724
17:06:50.96,0.784
17:06:51.06,0.796
17:06:51.16,0.645
17:06:51.26,0.315
17:06:51.36,0.242
17:06:51.46,0.217
17:06:51.56,0.032
17:06:51.66,0.000
17:06:51.76,0.000
17:06:51.86,0.000
17:06:51.96,0.000
17:06:52.06,0.000
17:06:52.15,0.000
17:06:52.26,0.038
17:06:52.35,0.098
17:06:52.46,0.200
17:06:52.56,0.361
17:06:52.66,0.563
17:06:52.76,0.700
17:06:52.86,0.777
17:06:52.96,0.799
17:06:53.06,0.765
17:06:53.16,0.353
17:06:53.26,0.252
17:06:53.36,0.222
17:06:53.46,0.067
17:06:53.56,0.000
17:06:53.66,0.000
17:06:53.76,0.000
17:06:53.86,0.000
17:06:53.96,0.000
17:06:54.06,0.000
17:06:54.16,0.029
17:06:54.26,0.098
17:06:54.36,0.113
17:06:54.46,0.119
17:06:54.56,0.232
17:06:54.66,0.429
17:06:54.76,0.618
17:06:54.86,0.731
17:06:54.96,0.781
17:06:55.06,0.795
17:06:55.16,0.597
17:06:55.26,0.305
17:06:55.36,0.239
17:06:55.46,0.216
17:06:55.56,0.000
17:06:55.66,0.000
17:06:55.76,0.000
17:06:55.86,0.000
17:06:55.96,0.000
17:06:56.06,0.000
17:06:56.16,0.000
17:06:56.26,0.045
17:06:56.36,0.108
17:06:56.46,0.116
17:06:56.56,0.121
17:06:56.66,0.273
17:06:56.76,0.477
17:06:56.86,0.654
17:06:56.96,0.751
17:06:57.06,0.783
17:06:57.16,0.799
17:06:57.26,0.500
17:06:57.36,0.283
17:06:57.46,0.233
17:06:57.56,0.131
17:06:57.66,0.000
17:06:57.76,0.000
17:06:57.86,0.000
17:06:57.96,0.000
17:06:58.06,0.000
17:06:58.16,0.000
17:06:58.26,0.000
17:06:58.36,0.077
17:06:58.46,0.108
17:06:58.56,0.117
17:06:58.66,0.153
17:06:58.76,0.314
17:06:58.86,0.529
17:06:58.96,0.676
17:06:59.06,0.748
17:06:59.16,0.787
17:06:59.26,0.800
17:06:59.36,0.407
17:06:59.46,0.264
17:06:59.56,0.226
17:06:59.66,0.100
17:06:59.76,0.000
17:06:59.86,0.000
17:06:59.96,0.000
17:07:00.06,0.000
17:07:00.16,0.000
17:07:00.26,0.000
17:07:00.36,0.000
17:07:00.46,0.082
17:07:00.56,0.108
17:07:00.66,0.269
17:07:00.76,0.475
17:07:00.86,0.650
17:07:00.96,0.750
17:07:01.06,0.792
17:07:01.16,0.797
17:07:01.26,0.506
17:07:01.36,0.283
17:07:01.46,0.232
17:07:01.56,0.113
17:07:01.66,0.000
17:07:01.76,0.000
17:07:01.86,0.000
17:07:01.96,0.000
17:07:02.06,0.000
17:07:02.16,0.000
17:07:02.26,0.000
17:07:02.36,0.082
17:07:02.46,0.109
17:07:02.56,0.117
17:07:02.66,0.168
17:07:02.76,0.330
17:07:02.86,0.535
17:07:02.96,0.684
17:07:03.06,0.764
17:07:03.16,0.792
17:07:03.26,0.799
17:07:03.36,0.390
17:07:03.46,0.261
17:07:03.56,0.225
17:07:03.66,0.095
17:07:03.76,0.000
17:07:03.86,0.000
17:07:03.96,0.000
17:07:04.06,0.000
17:07:04.16,0.000
17:07:04.26,0.000
17:07:04.36,0.000
17:07:04.46,0.091
17:07:04.56,0.131
17:07:04.66,0.289
17:07:04.76,0.499
17:07:04.86,0.664
17:07:04.96,0.746
17:07:05.06,0.783
17:07:05.16,0.797
17:07:05.26,0.441
17:07:05.36,0.271
17:07:05.46,0.228
17:07:05.56,0.114
17:07:05.66,0.000
17:07:05.76,0.000
17:07:05.86,0.000
17:07:05.96,0.000
17:07:06.06,0.000
17:07:06.16,0.000
17:07:06.26,0.000
17:07:06.36,0.075
17:07:06.46,0.107
17:07:06.56,0.252
17:07:06.66,0.450
17:07:06.76,0.636
17:07:06.85,0.742
17:07:06.96,0.791
17:07:07.06,0.796
17:07:07.16,0.553
17:07:07.25,0.292
17:07:07.36,0.235
17:07:07.46,0.142
17:07:07.56,0.000
17:07:07.66,0.000
17:07:07.76,0.000
17:07:07.86,0.000
17:07:07.96,0.000
17:07:08.06,0.000
17:07:08.16,0.000
17:07:08.26,0.064
17:07:08.36,0.103
17:07:08.46,0.232
17:07:08.56,0.420
17:07:08.66,0.608
17:07:08.76,0.728
17:07:08.86,0.783
17:07:08.96,0.793
17:07:09.06,0.623
17:07:09.16,0.308
17:07:09.26,0.240
17:07:09.36,0.150
17:07:09.46,0.000
17:07:09.56,0.000
17:07:09.66,0.000
17:07:09.76,0.000
17:07:09.86,0.000
17:07:09.96,0.000
17:07:10.06,0.000
17:07:10.16,0.066
17:07:10.26,0.105
17:07:10.36,0.215
17:07:10.46,0.392
17:07:10.56,0.591
17:07:10.66,0.723
17:07:10.76,0.781
17:07:10.86,0.783
17:07:10.96,0.648
17:07:11.06,0.316
17:07:11.16,0.242
17:07:11.26,0.217
17:07:11.36,0.048
17:07:11.46,0.000
17:07:11.56,0.000
17:07:11.66,0.000
17:07:11.76,0.000
17:07:11.86,0.000
17:07:11.96,0.000
17:07:12.06,0.053
17:07:12.15,0.102
17:07:12.26,0.200
17:07:12.36,0.363
17:07:12.45,0.562
17:07:12.56,0.692
17:07:12.66,0.772
17:07:12.76,0.802
17:07:12.86,0.760
17:07:12.96,0.347
17:07:13.06,0.250
17:07:13.16,0.221
17:07:13.26,0.069
17:07:13.35,0.000
17:07:13.46,0.000
17:07:13.56,0.000
17:07:13.65,0.000
17:07:13.76,0.000
17:07:13.86,0.000
17:07:13.96,0.014
17:07:14.06,0.098
17:07:14.16,0.113
17:07:14.26,0.119
17:07:14.36,0.227
17:07:14.46,0.417
17:07:14.56,0.605
17:07:14.66,0.725
17:07:14.75,0.777
17:07:14.86,0.797
17:07:14.95,0.624
17:07:15.06,0.313
17:07:15.16,0.241
17:07:15.26,0.217
17:07:15.36,0.012
17:07:15.46,0.000
17:07:15.56,0.000
17:07:15.66,0.000
17:07:15.76,0.000
17:07:15.86,0.000
17:07:15.96,0.000
17:07:16.06,0.064
17:07:16.16,0.103
17:07:16.26,0.115
17:07:16.36,0.120
17:07:16.46,0.260
17:07:16.56,0.468
17:07:16.66,0.643
17:07:16.76,0.750
17:07:16.86,0.794
17:07:16.96,0.795
17:07:17.06,0.522
17:07:17.16,0.287
17:07:17.26,0.234
17:07:17.36,0.149
17:07:17.46,0.000
17:07:17.56,0.000
17:07:17.66,0.000
17:07:17.76,0.000
17:07:17.86,0.000
17:07:17.96,0.000
17:07:18.06,0.000
17:07:18.16,0.077
17:07:18.26,0.107
17:07:18.36,0.117
17:07:18.46,0.146
17:07:18.56,0.312
17:07:18.66,0.519
17:07:18.76,0.672
17:07:18.86,0.752
17:07:18.96,0.790
17:07:19.06,0.801
17:07:19.16,0.427
17:07:19.26,0.268
17:07:19.36,0.227
17:07:19.46,0.107
17:07:19.56,0.000
17:07:19.66,0.000
17:07:19.76,0.000
17:07:19.86,0.000
17:07:19.96,0.000
17:07:20.06,0.000
17:07:20.16,0.000
17:07:20.26,0.093
17:07:20.36,0.111
17:07:20.46,0.119
17:07:20.56,0.189
17:07:20.66,0.353
17:07:20.75,0.559
17:07:20.86,0.694
17:07:20.96,0.770
17:07:21.06,0.802
17:07:21.16,0.798
17:07:21.26,0.365
17:07:21.36,0.255
17:07:21.46,0.223
17:07:21.56,0.078
17:07:21.66,0.000
17:07:21.76,0.000
17:07:21.86,0.000
17:07:21.96,0.000
17:07:22.06,0.000
17:07:22.16,0.000
17:07:22.26,0.007
17:07:22.36,0.095
17:07:22.46,0.112
17:07:22.56,0.119
17:07:22.66,0.221
17:07:22.76,0.401
17:07:22.86,0.598
17:07:22.96,0.719
17:07:23.06,0.780
17:07:23.16,0.798
17:07:23.26,0.674
17:07:23.36,0.326
17:07:23.46,0.245
17:07:23.56,0.219
17:07:23.66,0.049
17:07:23.76,0.000
17:07:23.86,0.000
17:07:23.96,0.000
17:07:24.06,0.000
17:07:24.16,0.000
17:07:24.26,0.000
17:07:24.36,0.055
17:07:24.46,0.102
17:07:24.56,0.115
17:07:24.66,0.121
17:07:24.76,0.248
17:07:24.86,0.442
17:07:24.96,0.633
17:07:25.06,0.748
17:07:25.16,0.783
17:07:25.26,0.791
17:07:25.36,0.542
17:07:25.46,0.293
17:07:25.56,0.236
17:07:25.66,0.157
17:07:25.76,0.000
17:07:25.86,0.000
17:07:25.96,0.000
17:07:26.06,0.000
17:07:26.16,0.000
17:07:26.26,0.000
17:07:26.36,0.000
17:07:26.46,0.057
17:07:26.56,0.102
17:07:26.66,0.218
17:07:26.76,0.396
17:07:26.86,0.598
17:07:26.96,0.718
17:07:27.06,0.779
17:07:27.16,0.793
17:07:27.26,0.681
17:07:27.36,0.324
17:07:27.46,0.245
17:07:27.56,0.219
17:07:27.66,0.031
17:07:27.76,0.000
17:07:27.86,0.000
17:07:27.96,0.000
17:07:28.06,0.000
17:07:28.16,0.000
17:07:28.26,0.000
17:07:28.36,0.038
17:07:28.46,0.099
17:07:28.56,0.207
17:07:28.66,0.363
17:07:28.76,0.567
17:07:28.85,0.703
17:07:28.96,0.775
17:07:29.06,0.804
17:07:29.16,0.767
17:07:29.25,0.355
17:07:29.35,0.242
17:07:29.46,0.218
17:07:29.56,0.207
17:07:29.66,0.143
17:07:29.76,0.000
17:07:29.86,0.000
17:07:29.96,0.000
17:07:30.06,0.000
17:07:30.16,0.000
17:07:30.26,0.000
17:07:30.36,0.000
17:07:30.46,0.062
17:07:30.56,0.104
17:07:30.66,0.227
17:07:30.76,0.412
17:07:30.86,0.596
17:07:30.96,0.726
17:07:31.06,0.779
17:07:31.16,0.798
17:07:31.26,0.655
17:07:31.36,0.314
17:07:31.46,0.242
17:07:31.56,0.200
17:07:31.66,0.000
17:07:31.76,0.000
17:07:31.86,0.000
17:07:31.96,0.000
17:07:32.06,0.000
17:07:32.16,0.000
17:07:32.26,0.000
17:07:32.36,0.047
17:07:32.46,0.100
17:07:32.56,0.212
17:07:32.66,0.371
17:07:32.76,0.580
17:07:32.86,0.707
17:07:32.96,0.770
17:07:33.06,0.801
17:07:33.16,0.733
17:07:33.26,0.338
17:07:33.36,0.248
17:07:33.45,0.220
17:07:33.56,0.058
17:07:33.66,0.000
17:07:33.76,0.000
17:07:33.86,0.000
17:07:33.96,0.000
17:07:34.06,0.000
17:07:34.16,0.000
17:07:34.26,0.049
17:07:34.36,0.102
17:07:34.46,0.114
17:07:34.56,0.120
17:07:34.66,0.243
17:07:34.76,0.445
17:07:34.86,0.629
17:07:34.96,0.741
17:07:35.06,0.788
17:07:35.16,0.796
17:07:35.26,0.554
17:07:35.36,0.297
17:07:35.46,0.237
17:07:35.56,0.175
17:07:35.66,0.000
17:07:35.76,0.000
17:07:35.86,0.000
17:07:35.96,0.000
17:07:36.06,0.000
17:07:36.16,0.000
17:07:36.26,0.000
17:07:36.36,0.068
17:07:36.46,0.105
17:07:36.56,0.222
17:07:36.66,0.400
17:07:36.76,0.593
17:07:36.86,0.722
17:07:36.96,0.780
17:07:37.06,0.782
17:07:37.16,0.645
17:07:37.26,0.317
17:07:37.36,0.242
17:07:37.46,0.218
17:07:37.56,0.034
17:07:37.66,0.000
17:07:37.76,0.000
17:07:37.86,0.000
17:07:37.96,0.000
17:07:38.06,0.000
17:07:38.16,0.000
17:07:38.26,0.036
17:07:38.36,0.108
17:07:38.46,0.206
17:07:38.56,0.361
17:07:38.66,0.572
17:07:38.76,0.699
17:07:38.86,0.775
17:07:38.96,0.800
17:07:39.06,0.741
17:07:39.16,0.342
17:07:39.26,0.249
17:07:39.36,0.220
17:07:39.46,0.069
17:07:39.56,0.000
17:07:39.66,0.000
17:07:39.76,0.000
17:07:39.86,0.000
17:07:39.96,0.000
17:07:40.06,0.000
17:07:40.16,0.042
17:07:40.26,0.099
17:07:40.36,0.180
17:07:40.46,0.329
17:07:40.56,0.539
17:07:40.66,0.687
17:07:40.76,0.768
17:07:40.86,0.790
17:07:40.96,0.793
17:07:41.06,0.375
17:07:41.16,0.257
17:07:41.26,0.223
17:07:41.36,0.079
17:07:41.46,0.000
17:07:41.56,0.000
17:07:41.66,0.000
17:07:41.76,0.000
17:07:41.86,0.000
17:07:41.96,0.000
17:07:42.06,0.019
17:07:42.16,0.095
17:07:42.27,0.146
17:07:42.36,0.303
17:07:42.46,0.515
17:07:42.56,0.667
17:07:42.66,0.752
17:07:42.76,0.792
17:07:42.86,0.386
17:07:42.96,0.252
17:07:43.06,0.209
17:07:43.16,0.190
17:07:43.26,0.179
17:07:43.36,0.172
17:07:43.46,0.168
17:07:43.56,0.165
17:07:43.66,0.163
17:07:43.76,0.161
17:07:43.86,0.160
17:07:43.95,0.159
17:07:44.06,0.159
17:07:44.16,0.158
17:07:44.26,0.157
17:07:44.36,0.157
17:07:44.45,0.157
17:07:44.56,0.156
17:07:44.66,0.156
17:07:44.76,0.156
17:07:44.86,0.156
17:07:44.96,0.156
17:07:45.06,0.155
17:07:45.16,0.155
17:07:45.26,0.155
17:07:45.36,0.155
17:07:45.46,0.155
17:07:45.56,0.155
17:07:45.66,0.155
17:07:45.76,0.155
17:07:45.86,0.155
17:07:45.96,0.155
17:07:46.06,0.155
17:07:46.16,0.155
17:07:46.26,0.154
17:07:46.36,0.154
17:07:46.46,0.155
17:07:46.55,0.154
17:07:46.66,0.154
17:07:46.76,0.154
17:07:46.86,0.154
17:07:46.96,0.154
17:07:47.06,0.154
17:07:47.16,0.154
17:07:47.26,0.154
17:07:47.36,0.154
17:07:47.46,0.154
17:07:47.55,0.154
17:07:47.66,0.154
17:07:47.75,0.154
17:07:47.86,0.154
17:07:47.96,0.154
17:07:48.05,0.154
17:07:48.16,0.154
17:07:48.26,0.154
17:07:48.36,0.154
17:07:48.46,0.154
17:07:48.55,0.154
17:07:48.66,0.154
17:07:48.76,0.154
17:07:48.86,0.154
17:07:48.96,0.154
17:07:49.06,0.154
17:07:49.16,0.154
17:07:49.26,0.154
17:07:49.36,0.154
17:07:49.46,0.154
17:07:49.56,0.154
17:07:49.66,0.153
17:07:49.76,0.153
17:07:49.86,0.153
17:07:49.96,0.154
17:07:50.06,0.153
17:07:50.16,0.153
17:07:50.26,0.153
17:07:50.36,0.153
17:07:50.46,0.153
17:07:50.56,0.153
17:07:50.66,0.148
17:07:50.76,0.150
17:07:50.86,0.152
17:07:50.96,0.151
17:07:51.06,0.151
17:07:51.16,0.154
17:07:51.26,0.158
17:07:51.36,0.156
17:07:51.46,0.155
17:07:51.56,0.154
17:07:51.66,0.154
17:07:51.76,0.154
17:07:51.86,0.154
17:07:51.96,0.153
17:07:52.06,0.154
17:07:52.16,0.153
17:07:52.26,0.153
17:07:52.36,0.154
17:07:52.46,0.153
17:07:52.56,0.153
17:07:52.66,0.153
17:07:52.76,0.153
17:07:52.86,0.153
17:07:52.96,0.147
17:07:53.06,0.149
17:07:53.16,0.151
17:07:53.25,0.151
17:07:53.36,0.151
17:07:53.46,0.152
17:07:53.56,0.152
17:07:53.66,0.152
17:07:53.76,0.152
17:07:53.86,0.152
17:07:53.96,0.152
17:07:54.06,0.152
17:10:01.64,ets Jul 29 2019 12:21:46
17:10:01.64,rst:0x1 (POWERON_RESET),boot:0x13 (SPI_FAST_FLASH_BOOT)
17:10:01.64,configsip: 0, SPIWP:0xee
17:10:01.65,clk_drv:0x00,q_drv:0x00,d_drv:0x00,cs0_drv:0x00,hd_drv:0x00,wp_drv:0x00
17:10:01.65,mode:DIO, clock div:1
17:10:01.65,load:0x3fff0030,len:4916
17:10:01.65,load:0x40078000,len:16436
17:10:01.65,load:0x40080400,len:4
17:10:01.65,ho 8 tail 4 room 4
17:10:01.65,load:0x40080404,len:3524
17:10:01.65,entry 0x400805b8
17:10:01.82,Pressure sensor found at 0x28.
17:10:01.82,0.598
17:10:01.92,0.611
17:10:02.02,0.433
17:10:02.12,0.268
17:10:02.22,0.226
17:10:02.32,0.091
17:10:02.42,0.000
17:10:02.52,0.000
17:10:02.62,0.000
17:10:02.72,0.000
17:10:02.82,0.000
17:10:02.92,0.000
17:10:03.02,0.000
17:10:03.12,0.000
17:10:03.22,0.044
17:10:03.32,0.100
17:10:03.41,0.198
17:10:03.52,0.307
17:10:03.62,0.422
17:10:03.72,0.498
17:10:03.82,0.553
17:10:03.91,0.577
17:10:04.01,0.596
17:10:04.11,0.603
17:10:04.22,0.564
17:10:04.31,0.302
17:10:04.41,0.237
17:10:04.51,0.127
17:10:04.60,0.000
17:10:04.71,0.000
17:10:04.81,0.000
17:10:04.91,0.000
17:10:05.01,0.000
17:10:05.12,0.000
17:10:05.21,0.000
17:10:05.31,0.000
17:10:05.40,0.000
17:10:05.52,0.088
17:10:05.62,0.166
17:10:05.71,0.258
17:10:05.82,0.379
17:10:05.92,0.473
17:10:06.02,0.530
17:10:06.12,0.570
17:10:06.21,0.593
17:10:06.32,0.606
17:10:06.41,0.612
17:10:06.52,0.363
17:10:06.61,0.252
17:10:06.71,0.166
17:10:06.81,0.082
17:10:06.91,0.000
17:10:07.01,0.000
17:10:07.11,0.000
17:10:07.22,0.000
17:10:07.31,0.000
17:10:07.41,0.000
17:10:07.51,0.000
17:10:07.61,0.000
17:10:07.72,0.066
17:10:07.81,0.105
17:10:07.91,0.219
17:10:08.01,0.333
17:10:08.12,0.440
17:10:08.21,0.512
17:10:08.31,0.562
17:10:08.41,0.588
17:10:08.50,0.590
17:10:08.62,0.600
17:10:08.71,0.489
17:10:08.81,0.277
17:10:08.91,0.229
17:10:09.02,0.099
17:10:09.11,0.000
17:10:09.21,0.000
17:10:09.31,0.000
17:10:09.41,0.000
17:10:09.50,0.000
17:10:09.62,0.000
17:10:09.71,0.000
17:10:09.81,0.000
17:10:09.91,0.028
17:10:10.01,0.096
17:10:10.12,0.184
17:10:10.21,0.291
17:10:10.31,0.406
17:10:10.41,0.487
17:10:10.50,0.542
17:10:10.61,0.568
17:10:10.71,0.597
17:10:10.81,0.604
17:10:11.08,ets Jul 29 2019 12:21:46
17:10:11.08,rst:0x1 (POWERON_RESET),boot:0x13 (SPI_FAST_FLASH_BOOT)
17:10:11.08,configsip: 0, SPIWP:0xee
17:10:11.09,clk_drv:0x00,q_drv:0x00,d_drv:0x00,cs0_drv:0x00,hd_drv:0x00,wp_drv:0x00
17:10:11.10,mode:DIO, clock div:1
17:10:11.10,load:0x3fff0030,len:4916
17:10:11.10,load:0x40078000,len:16436
17:10:11.10,load:0x40080400,len:4
17:10:11.10,ho 8 tail 4 room 4
17:10:11.10,load:0x40080404,len:3524
17:10:11.10,entry 0x400805b8
17:10:11.26,Pressure sensor found at 0x28.
17:10:11.26,0.103
17:10:11.35,0.000
17:10:11.45,0.000
17:10:11.56,0.000
17:10:11.66,0.000
17:10:11.76,0.000
17:10:11.85,0.000
17:10:11.95,0.000
17:10:12.06,0.000
17:10:12.16,0.035
17:10:12.25,0.098
17:10:12.35,0.195
17:10:12.45,0.296
17:10:12.56,0.414
17:10:12.65,0.491
17:10:12.75,0.549
17:10:12.85,0.576
17:10:12.96,0.592
17:10:13.06,0.605
17:10:13.15,0.588
17:10:13.25,0.310
17:10:13.35,0.239
17:10:13.46,0.139
17:10:13.56,0.000
17:10:13.66,0.000
17:10:13.76,0.000
17:10:13.86,0.000
17:10:13.96,0.000
17:10:14.06,0.000
17:10:14.16,0.000
17:10:14.26,0.000
17:10:14.36,0.000
17:10:14.46,0.085
17:10:14.56,0.157
17:10:14.66,0.250
17:10:14.76,0.369
17:10:14.86,0.465
17:10:14.96,0.527
17:10:15.06,0.572
17:10:15.16,0.587
17:10:15.26,0.607
17:10:15.36,0.609
17:10:15.46,0.382
17:10:15.56,0.257
17:10:15.66,0.222
17:10:15.76,0.085
17:10:15.86,0.000
17:10:15.96,0.000
17:10:16.06,0.000
17:10:16.16,0.000
17:10:16.26,0.000
17:10:16.36,0.000
17:10:16.46,0.000
17:10:16.56,0.000
17:10:16.66,0.059
17:10:16.76,0.103
17:10:16.86,0.207
17:10:16.96,0.329
17:10:17.06,0.437
17:10:17.16,0.511
17:10:17.26,0.559
17:10:17.36,0.583
17:10:17.46,0.589
17:10:17.56,0.604
17:10:17.66,0.523
17:10:17.76,0.284
17:10:17.86,0.231
17:10:17.96,0.110
17:10:18.06,0.000
17:10:18.16,0.000
17:10:18.26,0.000
17:10:18.36,0.000
17:10:18.46,0.000
17:10:18.56,0.000
17:10:18.66,0.000
17:10:18.76,0.000
17:10:18.86,0.014
17:10:18.96,0.093
17:10:19.06,0.182
17:10:19.16,0.276
17:10:19.26,0.397
17:10:19.36,0.488
17:10:19.46,0.547
17:10:19.56,0.568
17:10:19.66,0.581
17:10:19.76,0.598
17:10:19.86,0.611
17:10:19.96,0.332
17:10:20.06,0.245
17:10:20.16,0.156
17:10:20.26,0.048
17:10:20.36,0.000
17:10:20.46,0.000
17:10:20.56,0.000
17:10:20.66,0.000
17:10:20.76,0.000
17:10:20.86,0.000
17:10:20.96,0.000
17:10:21.06,0.000
17:10:21.16,0.078
17:10:21.26,0.129
17:10:21.36,0.233
17:10:21.46,0.353
17:10:21.56,0.462
17:10:21.66,0.527
17:10:21.76,0.563
17:10:21.86,0.585
17:10:21.96,0.611
17:10:22.06,0.608
17:10:22.16,0.420
17:10:22.26,0.265
17:10:22.36,0.225
17:10:22.46,0.093
17:10:22.56,0.000
17:10:22.66,0.000
17:10:22.76,0.000
17:10:22.86,0.000
17:10:22.96,0.000
17:10:23.06,0.000
17:10:23.16,0.000
17:10:23.26,0.000
17:10:23.36,0.046
17:10:23.46,0.100
17:10:23.56,0.196
17:10:23.66,0.307
17:10:23.76,0.421
17:10:23.86,0.498
17:10:23.96,0.558
17:10:24.06,0.587
17:10:24.16,0.583
17:10:24.26,0.593
17:10:24.36,0.557
17:10:24.46,0.297
17:10:24.56,0.235
17:10:24.66,0.124
17:10:24.76,0.000
17:10:24.86,0.000
17:10:24.96,0.000
17:10:25.06,0.000
17:10:25.16,0.000
17:10:25.26,0.000
17:10:25.36,0.000
17:10:25.46,0.000
17:10:25.56,0.000
17:10:25.66,0.089
17:10:25.76,0.172
17:10:25.86,0.258
17:10:25.96,0.381
17:10:26.06,0.472
17:10:26.16,0.530
17:10:26.26,0.569
17:10:26.36,0.597
17:10:26.46,0.599
17:10:26.56,0.601
17:10:26.66,0.356
17:10:26.76,0.253
17:10:26.86,0.195
17:10:26.96,0.081
17:10:27.06,0.000
17:10:27.16,0.000
17:10:27.26,0.000
17:10:27.36,0.000
17:10:27.46,0.000
17:10:27.56,0.000
17:10:27.66,0.000
17:10:27.76,0.000
17:10:27.86,0.070
17:10:27.96,0.109
17:10:28.06,0.226
17:10:28.16,0.328
17:10:28.26,0.438
17:10:28.35,0.510
17:10:28.45,0.558
17:10:28.55,0.585
17:10:28.65,0.586
17:10:28.75,0.609
17:10:28.85,0.490
17:10:28.96,0.278
17:10:29.06,0.231
17:10:29.15,0.108
17:10:29.25,0.000
17:10:29.35,0.000
17:10:29.45,0.000
17:10:29.55,0.000
17:10:29.65,0.000
17:10:29.75,0.000
17:10:29.85,0.000
17:10:29.95,0.000
17:10:30.05,0.030
17:10:30.15,0.098
17:10:30.25,0.206
17:10:30.35,0.298
17:10:30.45,0.406
17:10:30.55,0.483
17:10:30.65,0.541
17:10:30.75,0.567
17:10:30.86,0.582
17:10:30.96,0.595
17:10:31.06,0.588
17:10:31.16,0.307
17:10:31.26,0.238
17:10:31.36,0.139
17:10:31.46,0.026
17:10:31.56,0.000
17:10:31.66,0.000
17:11:09.74,ets Jul 29 2019 12:21:46
17:11:09.75,rst:0x1 (POWERON_RESET),boot:0x13 (SPI_FAST_FLASH_BOOT)
17:11:09.75,configsip: 0, SPIWP:0xee
17:11:09.75,clk_drv:0x00,q_drv:0x00,d_drv:0x00,cs0_drv:0x00,hd_drv:0x00,wp_drv:0x00
17:11:09.75,mode:DIO, clock div:1
17:11:09.76,load:0x3fff0030,len:4916
17:11:09.76,load:0x40078000,len:16436
17:11:09.77,load:0x40080400,len:4
17:11:09.77,ho 8 tail 4 room 4
17:11:09.77,load:0x40080404,len:3524
17:11:09.77,entry 0x400805b8
17:11:09.92,Pressure sensor found at 0x28.
17:11:09.92,0.000
17:11:10.02,0.000
17:11:10.12,0.000
17:11:10.22,0.000
17:11:10.32,0.000
17:11:10.42,0.000
17:11:10.52,0.052
17:11:10.62,0.103
17:11:10.71,0.204
17:11:10.81,0.312
17:11:10.92,0.427
17:11:11.02,0.503
17:11:11.13,0.552
17:11:11.21,0.578
17:11:11.31,0.589
17:11:11.42,0.611
17:11:11.52,0.551
17:11:11.62,0.296
17:11:11.71,0.235
17:11:11.81,0.117
17:11:11.92,0.000
17:11:12.02,0.000
17:11:12.11,0.000
17:11:12.21,0.000
17:11:12.33,0.000
17:11:12.42,0.000
17:11:12.52,0.000
17:11:12.61,0.000
17:11:12.71,0.000
17:11:12.82,0.091
17:11:12.92,0.177
17:11:13.02,0.266
17:11:13.12,0.377
17:11:13.21,0.475
17:11:13.32,0.529
17:11:13.42,0.573
17:11:13.52,0.588
17:11:13.62,0.597
17:11:13.71,0.611
17:11:13.82,0.352
17:11:13.92,0.250
17:11:14.02,0.169
17:11:14.12,0.075
17:11:14.22,0.000
17:11:14.32,0.000
17:11:14.42,0.000
17:11:14.52,0.000
17:11:14.62,0.000
17:11:14.72,0.000
17:11:14.82,0.000
17:11:14.92,0.000
17:11:15.02,0.072
17:11:15.12,0.107
17:11:15.22,0.218
17:11:15.32,0.335
17:11:15.42,0.442
17:11:29.26,ets Jul 29 2019 12:21:46
17:11:29.26,rst:0x1 (POWERON_RESET),boot:0x13 (SPI_FAST_FLASH_BOOT)
17:11:29.28,configsip: 0, SPIWP:0xee
17:11:29.28,clk_drv:0x00,q_drv:0x00,d_drv:0x00,cs0_drv:0x00,hd_drv:0x00,wp_drv:0x00
17:11:29.28,mode:DIO, clock div:1
17:11:29.29,load:0x3fff0030,len:4916
17:11:29.29,load:0x40078000,len:16436
17:11:29.29,load:0x40080400,len:4
17:11:29.29,ho 8 tail 4 room 4
17:11:29.29,load:0x40080404,len:3524
17:11:29.29,entry 0x400805b8
17:11:29.45,Pressure sensor found at 0x28.
17:11:29.45,1.450
17:11:29.54,0.610
17:11:29.65,0.359
17:11:29.75,0.251
17:11:29.85,0.191
17:11:29.94,0.070
17:11:30.04,0.000
17:11:30.14,0.000
17:11:30.25,0.000
17:11:30.35,0.000
17:11:30.44,0.000
17:11:30.54,0.000
17:11:30.65,0.000
17:11:30.74,0.000
17:11:30.85,0.071
17:11:30.94,0.107
17:11:31.04,0.219
17:11:31.15,0.330
17:11:31.25,0.444
17:11:31.34,0.521
17:11:31.44,0.556
17:11:31.55,0.584
17:11:31.64,0.586
17:11:31.74,0.613
17:11:31.85,0.479
17:11:31.95,0.275
17:11:32.05,0.228
17:11:32.15,0.107
17:11:32.25,0.000
17:11:32.34,0.000
17:11:32.45,0.000
17:11:32.54,0.000
17:11:32.65,0.000
17:11:32.75,0.000
17:11:32.84,0.000
17:11:32.95,0.000
17:11:33.05,0.031
17:11:33.15,0.099
17:11:33.24,0.192
17:11:33.34,0.289
17:11:33.45,0.404
17:11:33.55,0.489
17:11:33.64,0.545
17:11:33.75,0.571
17:11:33.84,0.586
17:11:33.95,0.593
17:11:34.05,0.589
17:11:34.14,0.316
17:11:34.24,0.241
17:11:34.35,0.148
17:11:34.45,0.019
17:11:34.55,0.000
17:11:34.64,0.000
17:11:34.74,0.000
17:11:34.85,0.000
17:11:34.94,0.000
17:11:35.05,0.000
17:11:35.15,0.000
17:11:35.24,0.000
17:11:35.35,0.083
17:11:35.44,0.160
17:11:35.55,0.246
17:11:35.65,0.364
17:11:35.75,0.459
17:11:35.85,0.522
17:11:35.94,0.561
17:11:36.05,0.592
17:11:36.15,0.607
17:11:36.24,0.595
17:11:36.35,0.393
17:11:36.45,0.259
17:11:36.55,0.223
17:11:36.65,0.086
17:11:36.75,0.000
17:11:36.85,0.000
17:11:36.95,0.000
17:11:37.05,0.000
17:11:37.14,0.000
17:11:37.25,0.000
17:11:37.35,0.000
17:11:37.45,0.000
17:11:37.55,0.058
17:11:37.65,0.104
17:11:37.75,0.212
17:11:37.85,0.319
17:11:37.95,0.432
17:11:38.05,0.505
17:11:38.15,0.553
17:11:38.25,0.579
17:11:38.35,0.588
17:11:38.45,0.615
17:11:38.55,0.532
17:11:38.65,0.289
17:11:38.75,0.233
17:11:38.85,0.113
17:11:38.95,0.000
17:11:39.05,0.000
17:11:39.15,0.000
17:11:39.25,0.000
17:11:39.35,0.000
17:11:41.02,ets Jul 29 2019 12:21:46
17:11:41.02,rst:0x1 (POWERON_RESET),boot:0x13 (SPI_FAST_FLASH_BOOT)
17:11:41.03,configsip: 0, SPIWP:0xee
17:11:41.03,clk_drv:0x00,q_drv:0x00,d_drv:0x00,cs0_drv:0x00,hd_drv:0x00,wp_drv:0x00
17:11:41.03,mode:DIO, clock div:1
17:11:41.04,load:0x3fff0030,len:4916
17:11:41.04,load:0x40078000,len:16436
17:11:41.04,load:0x40080400,len:4
17:11:41.04,ho 8 tail 4 room 4
17:11:41.04,load:0x40080404,len:3524
17:11:41.04,entry 0x400805b8
17:11:41.20,Pressure sensor found at 0x28.
17:11:41.20,0.000
17:11:41.30,0.000
17:11:41.40,0.000
17:11:41.50,0.000
17:11:41.60,0.000
17:11:41.70,0.000
17:11:41.80,0.000
17:11:41.90,0.000
17:11:42.00,0.029
17:11:42.10,0.097
17:11:42.20,0.190
17:11:42.30,0.290
17:11:42.40,0.400
17:11:42.50,0.483
17:11:42.60,0.540
17:11:42.69,0.567
17:11:42.80,0.594
17:11:42.89,0.601
17:11:43.00,0.594
17:11:43.10,0.319
17:11:43.20,0.242
17:11:43.30,0.147
17:11:43.39,0.019
17:11:43.50,0.000
17:11:43.60,0.000
17:11:43.70,0.000
17:11:43.80,0.000
17:11:43.90,0.000
17:11:44.00,0.000
17:11:44.10,0.000
17:11:44.20,0.000
17:11:44.30,0.083
17:11:44.40,0.154
17:11:44.50,0.238
